datetime,open,high,low,close,volume
2026-05-14 13:00:00+00:00,2349.9780894430614,2350.475121162906,2349.2198389586874,2349.9533838094117,1437
2026-05-14 14:00:00+00:00,2349.982482662553,2350.889613828281,2349.219761329905,2349.847478881421,4876
2026-05-14 15:00:00+00:00,2349.8507238372476,2350.612162086552,2348.6897034194617,2349.91832134013,3018
2026-05-14 16:00:00+00:00,2349.996757136654,2351.9652855719096,2349.0282293218083,2349.9720579878754,1049
2026-05-14 17:00:00+00:00,2349.8882877142632,2350.4385376788227,2348.541722524718,2349.7547071224453,834
2026-05-14 18:00:00+00:00,2349.5488330320395,2350.545269846227,2349.0391179936582,2349.8568740253218,2916
2026-05-14 19:00:00+00:00,2349.331549025558,2351.126995243326,2348.32386267149,2349.848766686359,3173
2026-05-14 20:00:00+00:00,2350.3169392674154,2351.746754704722,2347.7342597678658,2349.707548890124,1608
2026-05-14 21:00:00+00:00,2349.678405211623,2350.900335347886,2348.0057523575088,2349.849782954909,1376
2026-05-14 22:00:00+00:00,2349.850537549847,2351.0230215707184,2349.2926280440483,2349.9035379253114,3228
2026-05-14 23:00:00+00:00,2350.0635793790957,2351.1271401361673,2348.40813138262,2349.773777835649,2459
2026-05-15 00:00:00+00:00,2349.3274408565567,2350.900489330117,2347.103424516525,2350.006484574866,666
2026-05-15 01:00:00+00:00,2350.053232095758,2350.535377628982,2348.6342037089885,2350.087191026509,759
2026-05-15 02:00:00+00:00,2349.982181210652,2351.0987437123135,2348.872218174188,2350.114148522808,1572
2026-05-15 03:00:00+00:00,2350.304334402771,2351.425078669328,2349.1667794709642,2350.316662513039,3038
2026-05-15 04:00:00+00:00,2350.4175813927277,2351.9973349402667,2349.1497575436997,2350.3142959355264,1852
2026-05-15 05:00:00+00:00,2350.069254955777,2351.6270270548653,2349.349273781168,2350.320144736116,567
2026-05-15 06:00:00+00:00,2349.785919077505,2352.0853720530476,2349.019452794363,2350.216936657173,4620
2026-05-15 07:00:00+00:00,2350.2470744384227,2351.1484970954257,2349.18075286202,2350.3087199674223,3620
2026-05-15 08:00:00+00:00,2349.920858898719,2351.01843150644,2349.204741337995,2350.3646641757264,3126
2026-05-15 09:00:00+00:00,2350.026877644021,2351.424295286129,2348.9660892444986,2350.361804233424,1599
2026-05-15 10:00:00+00:00,2350.4466018704934,2351.7906546093996,2349.614289633727,2350.2499826323506,3686
2026-05-15 11:00:00+00:00,2349.8307666532314,2351.2858832021793,2349.3614180461823,2350.296137748317,4758
2026-05-15 12:00:00+00:00,2349.879811679807,2351.0645378978093,2349.2150555252433,2350.283898656974,3542
2026-05-15 13:00:00+00:00,2350.5735010446683,2351.921794964712,2349.2134159482307,2350.113173543172,1830
2026-05-15 14:00:00+00:00,2350.2016012017884,2351.2529061605437,2349.3932272577354,2349.9277527222507,2265
2026-05-15 15:00:00+00:00,2349.8900398843352,2350.8522834592522,2348.7839455745293,2350.0088788573466,4681
2026-05-15 16:00:00+00:00,2349.6721996311826,2350.7943368864912,2348.2784901505893,2349.7057883611496,563
2026-05-15 17:00:00+00:00,2350.025835240206,2351.52015025162,2348.730735354219,2349.740755939675,1495
2026-05-15 18:00:00+00:00,2350.5876911630553,2351.1240722687326,2348.5861296478797,2349.6941564978197,981
2026-05-15 19:00:00+00:00,2349.919972889278,2351.3470737170696,2348.9142910542305,2349.904687280667,3385
2026-05-15 20:00:00+00:00,2350.3814768890284,2351.8709007318084,2349.0308339187,2349.8353107201588,2564
2026-05-15 21:00:00+00:00,2349.912281271203,2351.045888784841,2348.8700551236493,2349.901642757642,1099
2026-05-15 22:00:00+00:00,2350.0114570968917,2350.7745234433887,2349.119881602835,2349.8336687784877,4735
2026-05-15 23:00:00+00:00,2349.982261791,2351.319883438707,2349.074817848211,2349.86271804247,2982
2026-05-16 00:00:00+00:00,2349.8949916853403,2352.3044231591116,2348.038573565419,2349.9793627334984,1619
2026-05-16 01:00:00+00:00,2349.9983656796066,2351.189143560641,2348.8413350430947,2349.9210073610984,4756
2026-05-16 02:00:00+00:00,2349.840918096573,2350.7327275220678,2348.192917159425,2350.0195900353137,3642
2026-05-16 03:00:00+00:00,2350.002792137804,2351.268126376577,2345.384426685011,2345.818073221269,1084
2026-05-16 04:00:00+00:00,2345.6515101921686,2351.691724980098,2345.022720515293,2349.931350220472,4219
2026-05-16 05:00:00+00:00,2349.2848606543216,2351.1432328527812,2348.070862463355,2350.0606483414863,765
2026-05-16 06:00:00+00:00,2350.743610249519,2352.1964347041217,2349.132342467202,2350.153431697209,4580
2026-05-16 07:00:00+00:00,2350.640639926613,2351.328921780049,2349.582052112675,2350.366767339735,2270
2026-05-16 08:00:00+00:00,2349.9910808680656,2351.1161105008623,2348.770423047622,2350.2809586547346,1820
2026-05-16 09:00:00+00:00,2350.164532154204,2350.5418507982654,2349.298740208833,2350.1183778898007,740
2026-05-16 10:00:00+00:00,2350.1401656458415,2350.8601480109537,2348.942165169271,2350.0045248916995,4690
2026-05-16 11:00:00+00:00,2350.4216887678062,2351.310015202098,2348.8694902577267,2350.1055637191344,3018
2026-05-16 12:00:00+00:00,2349.872729432075,2351.191954411236,2349.311963045553,2350.1709043599662,3235
2026-05-16 13:00:00+00:00,2350.221453998396,2351.4910584210998,2349.6273318651997,2350.2001479982005,4326
2026-05-16 14:00:00+00:00,2350.203139113779,2352.405755221821,2348.1834147461786,2350.0670826290448,2787
2026-05-16 15:00:00+00:00,2349.7139611773496,2351.1213287029173,2348.4521482964074,2350.1663346892115,1804
2026-05-16 16:00:00+00:00,2349.9346696774783,2350.526111800015,2349.016862224879,2350.0351523215395,4002
2026-05-16 17:00:00+00:00,2350.1215522481816,2351.3610449914995,2348.823033771864,2350.1377973759286,2885
2026-05-16 18:00:00+00:00,2350.2966509036546,2351.479930887915,2348.6252710966555,2350.472698206296,1574
2026-05-16 19:00:00+00:00,2350.5153075149965,2351.6066765570363,2349.5418611957048,2350.5049130275274,4300
2026-05-16 20:00:00+00:00,2350.374306238411,2356.1511891983087,2349.3424293643543,2355.263392433245,4156
2026-05-16 21:00:00+00:00,2355.026238021287,2356.325838832046,2349.511735439928,2350.492892329052,1612
2026-05-16 22:00:00+00:00,2349.8903787979852,2351.54280297098,2349.105982207417,2350.313040263303,3424
2026-05-16 23:00:00+00:00,2350.545021336,2351.667562333958,2349.5376368578777,2350.2190681618467,4644
2026-05-17 00:00:00+00:00,2349.5384086392337,2351.0324498454866,2348.67834925502,2350.1121276917797,4097
2026-05-17 01:00:00+00:00,2349.8908099633427,2350.711808136046,2349.138665655874,2349.8964153983193,1394
2026-05-17 02:00:00+00:00,2350.2780357643223,2351.012308276086,2349.7480510747714,2350.3237281198685,4350
2026-05-17 03:00:00+00:00,2350.5549477401046,2351.3369189882646,2349.865623721992,2350.3605404486593,753
2026-05-17 04:00:00+00:00,2350.2029145504907,2350.947776456174,2349.424243881322,2350.4207585166164,3278
2026-05-17 05:00:00+00:00,2350.491352184521,2351.306436228038,2349.194616920408,2350.401456497288,2801
2026-05-17 06:00:00+00:00,2349.9026679302033,2351.058727516452,2349.285246152712,2350.400545648275,665
2026-05-17 07:00:00+00:00,2350.4788491021745,2350.9299920003627,2349.039996177827,2350.5075736033373,3767
2026-05-17 08:00:00+00:00,2350.783600457637,2350.977125138364,2349.6509980962232,2350.492134354277,1839
2026-05-17 09:00:00+00:00,2350.406672204366,2352.2239394979333,2348.886748080179,2350.5772670238716,4335
2026-05-17 10:00:00+00:00,2350.270708216324,2351.217215152676,2348.5906647321926,2350.5489639000084,4451
2026-05-17 11:00:00+00:00,2350.675605476714,2351.839517109545,2348.737362777804,2350.4760133950367,3157
2026-05-17 12:00:00+00:00,2350.410728265094,2351.4100957027435,2349.072611462241,2350.2788515148145,3321
2026-05-17 13:00:00+00:00,2349.826681146805,2351.259914823675,2348.0672091193087,2350.202610974984,734
2026-05-17 14:00:00+00:00,2349.664110041173,2351.671487422404,2348.7882306696783,2350.1836525654576,4505
2026-05-17 15:00:00+00:00,2350.132250105562,2350.660968493822,2349.5618907652,2350.1939928118986,3567
2026-05-17 16:00:00+00:00,2350.0052282376055,2350.906689661581,2349.5177407318015,2350.056919341345,2230
2026-05-17 17:00:00+00:00,2349.9130420458305,2350.9543056741322,2349.192980242726,2350.0421010413825,885
2026-05-17 18:00:00+00:00,2349.7235652144013,2351.5400920742713,2348.611594789538,2350.052514841218,2771
2026-05-17 19:00:00+00:00,2349.8695687097465,2350.7002666806666,2348.8547498773787,2349.8094336403406,4553
2026-05-17 20:00:00+00:00,2349.689327329613,2350.2070151908556,2349.0374516161505,2349.69188501771,4381
2026-05-17 21:00:00+00:00,2349.989622500512,2350.920466935916,2348.657312515167,2349.752176065897,943
2026-05-17 22:00:00+00:00,2349.6043990787102,2351.074568509682,2348.332992209922,2349.7820749648977,3929
2026-05-17 23:00:00+00:00,2349.942953748924,2351.3853691606473,2348.7383947097524,2349.634557628766,868
2026-05-18 00:00:00+00:00,2349.377783894908,2351.1216856186475,2348.562954407813,2349.6440279474755,2198
2026-05-18 01:00:00+00:00,2349.928895287189,2350.5125468182127,2348.583064849407,2349.7368208233793,2512
2026-05-18 02:00:00+00:00,2349.4746290551857,2351.2203039501264,2348.5866569689338,2349.842243890478,601
2026-05-18 03:00:00+00:00,2349.82081106728,2350.8686958602134,2348.155661069283,2349.819074537531,1117
2026-05-18 04:00:00+00:00,2349.7078631566646,2350.9411122952934,2348.5301337697138,2349.7632297329005,4461
2026-05-18 05:00:00+00:00,2349.7136681966813,2350.68194398927,2348.981003948345,2349.699727061253,3332
2026-05-18 06:00:00+00:00,2349.428287036131,2351.0900341466227,2348.236125036129,2349.7670287146025,4038
2026-05-18 07:00:00+00:00,2350.1690456990264,2351.27751445199,2349.5598105672866,2349.8070758191043,3071
2026-05-18 08:00:00+00:00,2349.870535580929,2350.409806445554,2348.4461162715306,2349.8801421627236,2521
2026-05-18 09:00:00+00:00,2350.437007132942,2351.558102857664,2348.875682217988,2349.885384562497,581
2026-05-18 10:00:00+00:00,2350.404536613703,2351.2025420976,2349.625337699535,2349.9816432812663,2958
2026-05-18 11:00:00+00:00,2349.274854074825,2351.6435033173534,2348.5838009743684,2349.9508110243723,3967
2026-05-18 12:00:00+00:00,2350.1880406763416,2351.5106432825887,2348.632932283838,2350.0087958584973,1419
2026-05-18 13:00:00+00:00,2349.493906486535,2351.311150823203,2348.6015141748817,2350.080227100633,2709
2026-05-18 14:00:00+00:00,2350.190429533066,2352.1391889299084,2349.059002847667,2349.9587527343156,2354
2026-05-18 15:00:00+00:00,2350.4403757472114,2352.1900961103734,2349.1697202667324,2349.751769804359,4419
2026-05-18 16:00:00+00:00,2349.8071654666483,2350.9156560768956,2348.3726997897234,2349.914351970697,1234
2026-05-18 17:00:00+00:00,2350.027994852305,2351.0927982606017,2348.931938891935,2349.9356969545315,973
2026-05-18 18:00:00+00:00,2349.9405284764725,2350.896908206129,2349.1151685675986,2349.7624393545166,1447
2026-05-18 19:00:00+00:00,2350.1220348314723,2351.6453851522056,2348.709857997644,2349.667874415574,1202
2026-05-18 20:00:00+00:00,2349.862403094818,2350.7065435129894,2348.4582057369375,2349.77893721987,4308
2026-05-18 21:00:00+00:00,2350.35743710321,2351.818334739778,2348.344339879553,2349.722035558134,1672
2026-05-18 22:00:00+00:00,2349.8141504556434,2351.1178315715456,2348.2653843380244,2349.6554522488686,2131
2026-05-18 23:00:00+00:00,2349.2498030317533,2350.8255290618176,2348.307061075831,2349.7998075207333,1657
2026-05-19 00:00:00+00:00,2350.188596834442,2350.6105493590303,2348.483325845651,2349.66565723627,4166
2026-05-19 01:00:00+00:00,2349.2395390793035,2350.556899951482,2348.5733438403686,2349.590886536776,3488
2026-05-19 02:00:00+00:00,2349.7327024249867,2350.2202822596832,2349.113567406596,2349.5730699032015,2632
2026-05-19 03:00:00+00:00,2349.491413233372,2350.4882295630546,2348.941773094486,2349.6307850861367,4095
2026-05-19 04:00:00+00:00,2349.6862959003465,2350.9282450128603,2348.4092673386567,2349.696289640316,818
2026-05-19 05:00:00+00:00,2349.5931194630825,2350.9693403321317,2348.5374107154535,2349.7907844567717,3553
2026-05-19 06:00:00+00:00,2349.9847421805293,2351.2863478537197,2349.187738879622,2349.778462444894,2126
2026-05-19 07:00:00+00:00,2349.6837304923456,2350.914865236168,2349.343650945094,2349.838991755259,2206
2026-05-19 08:00:00+00:00,2349.5603953206823,2350.71113490429,2348.7635161926128,2349.7946493264153,1212
2026-05-19 09:00:00+00:00,2350.0666651552774,2351.622944453876,2348.201055336929,2349.8079900280873,936
2026-05-19 10:00:00+00:00,2349.7385162444057,2350.5531056080054,2348.680526891232,2349.8214404333316,3621
2026-05-19 11:00:00+00:00,2349.663070935134,2351.063320966084,2348.2531911263504,2349.887296681913,4325
2026-05-19 12:00:00+00:00,2350.0067747581943,2351.1952043370393,2348.7681919047945,2349.9740175681363,4601
2026-05-19 13:00:00+00:00,2350.188405935013,2350.933688985668,2349.452369061241,2350.015047612654,1596
2026-05-19 14:00:00+00:00,2349.7452845384505,2350.530579658529,2349.2236397159827,2350.0248355438757,3933
2026-05-19 15:00:00+00:00,2350.05182366734,2351.6601196847446,2348.9468389768526,2349.933240342782,1000
2026-05-19 16:00:00+00:00,2350.115644973466,2351.1433355280374,2348.9175992677197,2349.9753405831307,4002
2026-05-19 17:00:00+00:00,2350.0367063115564,2350.8377131387033,2348.6453334103776,2349.992856230091,3047
2026-05-19 18:00:00+00:00,2349.7816844947633,2350.7931037427165,2349.441084191748,2350.024959796148,4378
2026-05-19 19:00:00+00:00,2349.5081248597116,2351.8631020366124,2348.5662386205604,2350.326325405285,804
2026-05-19 20:00:00+00:00,2350.3798985336193,2351.675783225216,2349.6913165831393,2350.8492974222836,3994
2026-05-19 21:00:00+00:00,2350.649822973872,2352.03523907626,2349.990406032078,2350.8839783162603,2601
2026-05-19 22:00:00+00:00,2350.983534434294,2352.2251652770115,2350.0032596138626,2350.989029365794,3058
2026-05-19 23:00:00+00:00,2350.9357553448535,2351.745623981504,2349.4592248745244,2350.9910443504073,2925
2026-05-20 00:00:00+00:00,2350.787640012851,2352.1095312405323,2349.9163516553526,2351.237168611019,3714
2026-05-20 01:00:00+00:00,2351.6940970858896,2352.5900627751794,2349.8133336870414,2351.2076826696816,3195
2026-05-20 02:00:00+00:00,2351.4133392476233,2351.64650816662,2350.8211312441604,2351.2410178089326,2371
2026-05-20 03:00:00+00:00,2351.2883901823884,2351.8912950506897,2350.36326769898,2351.1083909621825,2459
2026-05-20 04:00:00+00:00,2350.8649462160884,2352.8313174659047,2350.2416002762857,2351.040818516936,818
2026-05-20 05:00:00+00:00,2350.747731166995,2352.100792590032,2349.996221476372,2351.0785284323697,3759
2026-05-20 06:00:00+00:00,2350.8096604679185,2351.8373630235533,2349.73837489555,2351.2010380840434,3675
2026-05-20 07:00:00+00:00,2352.006351066082,2353.1413631174055,2350.3830304740477,2351.289247736419,3051
2026-05-20 08:00:00+00:00,2350.8862277118533,2353.001015286873,2349.856582574993,2351.5131880799895,3747
2026-05-20 09:00:00+00:00,2351.8771882748724,2353.232158234363,2350.3486080124044,2351.51215247855,1710
2026-05-20 10:00:00+00:00,2351.4590117145867,2352.2116247709278,2350.299905841124,2351.4475538019683,1506
2026-05-20 11:00:00+00:00,2351.2951132683984,2352.431174439959,2349.8375519990013,2351.7187308578236,4661
2026-05-20 12:00:00+00:00,2351.8126132587704,2352.474500867241,2350.648662380709,2351.7727321623156,4792
2026-05-20 13:00:00+00:00,2351.3950224001196,2352.4212440102306,2349.7587181652166,2351.666070849415,4337
2026-05-20 14:00:00+00:00,2351.4642974242033,2352.835295189382,2350.541239624409,2351.572375266441,736
2026-05-20 15:00:00+00:00,2351.6207152719767,2352.4101130370273,2350.846922814514,2351.4439512567205,2969
2026-05-20 16:00:00+00:00,2351.4366203862605,2352.831572558764,2349.7446348403423,2351.552819807263,3811
2026-05-20 17:00:00+00:00,2351.7269180410462,2355.8412876748926,2350.89571344071,2355.0667478096148,667
2026-05-20 18:00:00+00:00,2354.6255946674337,2355.659895237236,2349.892884243654,2351.55495374915,4858
2026-05-20 19:00:00+00:00,2351.7134498461337,2352.1216322011082,2350.793552627407,2351.543366837292,4041
2026-05-20 20:00:00+00:00,2351.7868961713402,2352.9907419205356,2350.6906526829316,2351.605254582424,1891
2026-05-20 21:00:00+00:00,2351.8203547128387,2353.118685635448,2351.250113522399,2351.46177821766,2779
2026-05-20 22:00:00+00:00,2351.699897916579,2352.628242597712,2342.3629501759283,2343.2411852548194,4606
2026-05-20 23:00:00+00:00,2343.3178666303347,2352.9192734538046,2341.604881186908,2351.346122958688,4341
2026-05-21 00:00:00+00:00,2351.445669422721,2352.9509071552206,2349.5634114604195,2351.4624363206913,4218
2026-05-21 01:00:00+00:00,2351.591052222563,2352.571736772773,2350.3961374218384,2351.5055970613,4927
2026-05-21 02:00:00+00:00,2351.495937621879,2352.981168369929,2350.3032947940624,2351.4330311015833,3848
2026-05-21 03:00:00+00:00,2350.5498648009784,2352.8255951569417,2349.4363920529527,2351.5018468926714,4709
2026-05-21 04:00:00+00:00,2351.1646138039755,2352.1171138381724,2350.5001646060896,2351.3829599872593,4792
2026-05-21 05:00:00+00:00,2351.178322106306,2353.275531085005,2349.6829551893256,2351.296247430829,587
2026-05-21 06:00:00+00:00,2351.6330268862557,2352.624314624929,2350.0448278021045,2351.164842356249,3443
2026-05-21 07:00:00+00:00,2350.9669749881564,2352.6538386678,2349.593033103048,2351.3741931013983,2002
2026-05-21 08:00:00+00:00,2351.394416182253,2352.064594502667,2351.064721451837,2351.429669019341,2726
2026-05-21 09:00:00+00:00,2351.4522297422914,2352.5162430328055,2350.2542485066333,2351.5232304545157,1254
2026-05-21 10:00:00+00:00,2351.6483008262408,2352.2713574189797,2350.6479596661484,2351.6503226456007,3540
2026-05-21 11:00:00+00:00,2351.7732755390807,2353.321250405729,2350.134048633788,2352.011129880711,4256
2026-05-21 12:00:00+00:00,2352.274575454288,2356.803185709714,2350.8008965693252,2355.3510132583287,2353
2026-05-21 13:00:00+00:00,2355.765128678547,2357.859207298967,2350.819214909797,2351.723125385248,3642
2026-05-21 14:00:00+00:00,2352.3603486611014,2354.12089547159,2350.5517885365325,2351.6481653119936,1961
2026-05-21 15:00:00+00:00,2351.901507722883,2352.8490380646726,2350.2125539783683,2351.5296972649217,3872
2026-05-21 16:00:00+00:00,2350.8873214584523,2352.082335888419,2349.9772284480828,2351.4115390802467,870
2026-05-21 17:00:00+00:00,2352.288632087528,2353.31668394384,2349.6896379632803,2351.3642061255514,4460
2026-05-21 18:00:00+00:00,2351.603885451669,2352.6341131921236,2350.118275953465,2351.187573535622,2201
2026-05-21 19:00:00+00:00,2350.7835901237636,2352.0572298227653,2349.9513481575514,2351.1958301803693,2771
2026-05-21 20:00:00+00:00,2350.983261365744,2352.01978670345,2349.779451258116,2351.2063486768834,4114
2026-05-21 21:00:00+00:00,2351.1834029455995,2352.454676578353,2349.6767036256647,2351.303549398065,634
2026-05-21 22:00:00+00:00,2351.1972607693338,2352.2369520768507,2349.245191040597,2351.3684766026013,4754
2026-05-21 23:00:00+00:00,2350.8612928816783,2352.9255821120264,2349.1886077914564,2351.4378714668596,3265
2026-05-22 00:00:00+00:00,2351.8382289377873,2352.79205694151,2349.914333466986,2351.4002080479313,4888
2026-05-22 01:00:00+00:00,2351.9604502397215,2353.6348716332805,2350.706064316321,2351.68739529979,2980
2026-05-22 02:00:00+00:00,2351.557426968214,2352.4573073142324,2350.949705088092,2351.7210115963017,1429
2026-05-22 03:00:00+00:00,2351.596438255584,2352.1435702574136,2350.2112047057794,2351.4872402452156,3120
2026-05-22 04:00:00+00:00,2351.4216103588788,2352.178886094144,2350.3651600748562,2351.3946123734754,3071
2026-05-22 05:00:00+00:00,2351.4165787366155,2352.3386061050905,2350.344975329921,2351.1964709257536,4643
2026-05-22 06:00:00+00:00,2350.854631658809,2352.439439162778,2349.6550174812924,2351.2369449810512,3090
2026-05-22 07:00:00+00:00,2351.16795568133,2351.978398953285,2349.7786971538276,2350.601527489299,2328
2026-05-22 08:00:00+00:00,2350.5261510003106,2351.990867523587,2349.225435130964,2350.5147046797583,1292
2026-05-22 09:00:00+00:00,2350.97794608012,2352.8429741505856,2349.9551903071624,2350.7218118332653,1966
2026-05-22 10:00:00+00:00,2350.41829321449,2351.729402398161,2349.741308078994,2350.82896297646,3117
2026-05-22 11:00:00+00:00,2351.6095551999074,2352.9117254056496,2350.027467753435,2350.9591864228532,2160
2026-05-22 12:00:00+00:00,2350.78588560743,2351.7994403383764,2349.9568973911737,2350.842969623968,2132
2026-05-22 13:00:00+00:00,2350.768777072286,2351.9832216364503,2349.182780577718,2350.71349255398,565
2026-05-22 14:00:00+00:00,2350.7218111577963,2351.739436547568,2349.076323857202,2350.7544453211776,4740
2026-05-22 15:00:00+00:00,2350.6947756422546,2351.681789399985,2349.423046207769,2350.7475300358847,4265
2026-05-22 16:00:00+00:00,2350.716778022611,2351.028358714673,2349.9351535302194,2350.5024044723573,1648
2026-05-22 17:00:00+00:00,2350.5413838110558,2351.2676954520116,2349.8841907915225,2350.4968507994827,1118
2026-05-22 18:00:00+00:00,2350.3856558233374,2352.0564072469338,2349.1347638029583,2350.488674321356,4257
2026-05-22 19:00:00+00:00,2350.56177013886,2352.052763117234,2348.7944058671324,2350.4627283747955,4265
2026-05-22 20:00:00+00:00,2350.512175464007,2351.901867116048,2349.198839156168,2350.3610354528505,4535
2026-05-22 21:00:00+00:00,2350.148148326622,2352.216879551603,2349.2732896412026,2350.30473059474,2963
2026-05-22 22:00:00+00:00,2350.0468338508986,2351.599073256563,2348.8235432778733,2350.318694538044,3811
2026-05-22 23:00:00+00:00,2350.173051082138,2350.4706059335244,2348.8943653592796,2350.33185516355,3782
2026-05-23 00:00:00+00:00,2350.538497528915,2352.341741528309,2340.7526544809825,2342.5916957202408,1466
2026-05-23 01:00:00+00:00,2342.5809138396526,2351.3019411699834,2341.6589723771745,2350.498977065356,2857
2026-05-23 02:00:00+00:00,2350.053079572616,2350.8338081957627,2348.937037500132,2350.4624373784845,1671
2026-05-23 03:00:00+00:00,2349.9940167116106,2351.602457673403,2347.7910857972083,2350.386617878193,3892
2026-05-23 04:00:00+00:00,2350.2771015753337,2351.586292966712,2349.0522401493013,2350.4086662325067,4870
2026-05-23 05:00:00+00:00,2350.1368509324266,2351.0580988946954,2349.224658154193,2350.4600138133032,844
2026-05-23 06:00:00+00:00,2350.4923625575357,2351.1755871815044,2349.676240335518,2350.399556675294,841
2026-05-23 07:00:00+00:00,2350.6106123043605,2351.469500163113,2349.7087771661113,2350.326330657876,1688
2026-05-23 08:00:00+00:00,2350.143315247117,2351.3329577237296,2348.476838462863,2350.4107210808706,1026
2026-05-23 09:00:00+00:00,2350.424837647142,2351.372301290808,2349.4667940344116,2350.5664892440645,540
2026-05-23 10:00:00+00:00,2350.564773190013,2351.815396287146,2349.46675765507,2350.767783517038,4903
2026-05-23 11:00:00+00:00,2351.419595504124,2352.2912581733785,2349.0836485136574,2350.6556217530397,3121
2026-05-23 12:00:00+00:00,2350.5944605605487,2352.7935903518996,2349.2737054269282,2350.6823584837925,3996
2026-05-23 13:00:00+00:00,2350.898929318954,2351.79745641406,2349.5293200030296,2350.6971646933116,3047
2026-05-23 14:00:00+00:00,2351.0310647551255,2352.3159100068233,2348.4706118588088,2350.718830817774,3858
2026-05-23 15:00:00+00:00,2350.6093246958158,2350.8572081919147,2349.365449755375,2350.637056625439,3587
2026-05-23 16:00:00+00:00,2350.614060749485,2351.4752249970484,2349.5442978119468,2350.44139061976,1220
2026-05-23 17:00:00+00:00,2350.2052618614753,2351.31938608966,2348.5657104607644,2349.8927888070853,1176
2026-05-23 18:00:00+00:00,2349.9946203226805,2350.5159016767298,2349.250539605394,2349.8066485477216,2700
2026-05-23 19:00:00+00:00,2350.71464402523,2352.645478678648,2348.696463195505,2349.821382099372,2169
2026-05-23 20:00:00+00:00,2349.824235019501,2350.193380787395,2349.0901836508847,2349.6989871725623,4283
2026-05-23 21:00:00+00:00,2350.0968426615914,2350.9506023490044,2348.4534379476036,2349.569290415602,1877
2026-05-23 22:00:00+00:00,2349.794027367183,2350.7288287302713,2348.5394060831195,2349.6031119271006,1979
2026-05-23 23:00:00+00:00,2349.7203910926537,2350.559907125786,2348.8035542936177,2349.6841593612558,2880
2026-05-24 00:00:00+00:00,2349.3440644057996,2350.4199740339795,2348.352281342405,2349.800594313096,1367
2026-05-24 01:00:00+00:00,2349.38650959485,2351.460932945246,2348.5463025087315,2350.0415668813025,4363
2026-05-24 02:00:00+00:00,2349.9603925512615,2351.7235238962216,2348.7771192435266,2350.0676570410087,549
2026-05-24 03:00:00+00:00,2350.265158879732,2351.402224821154,2349.5047703402665,2350.089280803011,4313
2026-05-24 04:00:00+00:00,2350.0733710696877,2350.985623894328,2349.2611281022178,2349.945205768198,3301
2026-05-24 05:00:00+00:00,2349.8781442957315,2350.8322629319027,2348.9706981189597,2349.798667000423,4495
2026-05-24 06:00:00+00:00,2349.3137073481917,2351.226537689144,2347.970702391249,2350.018752874558,1822
2026-05-24 07:00:00+00:00,2350.2481213761666,2351.8329807777172,2348.8882482757385,2349.8897082050225,4551
2026-05-24 08:00:00+00:00,2350.2000370208907,2351.472592298967,2348.5171276780516,2349.7480812554445,4386
2026-05-24 09:00:00+00:00,2350.1203003530372,2351.1562611305676,2348.7330750071005,2349.6897071591548,2555
2026-05-24 10:00:00+00:00,2349.6747809148765,2350.1115161951466,2348.965984273016,2349.6748174215363,1775
2026-05-24 11:00:00+00:00,2349.2100385941876,2350.793853707281,2346.9321569475924,2349.5399562804664,1386
2026-05-24 12:00:00+00:00,2349.660902660813,2350.2892027823486,2348.460197875499,2349.4901235085367,1182
2026-05-24 13:00:00+00:00,2350.057778638627,2351.58130691827,2348.6613616029986,2349.6157270752005,3124
2026-05-24 14:00:00+00:00,2349.328577471626,2350.8632912068156,2347.8405113395966,2349.5166512782844,4822
2026-05-24 15:00:00+00:00,2349.5754191287747,2351.1621640229137,2348.6633711292825,2349.239202408411,3045
2026-05-24 16:00:00+00:00,2349.254749406691,2350.121629108805,2348.3580032553564,2349.315637511784,4841
2026-05-24 17:00:00+00:00,2349.101516238028,2351.573705675278,2347.675584780496,2349.4279443190176,3900
2026-05-24 18:00:00+00:00,2349.3474787429045,2350.2442154102864,2348.6453470785814,2349.321296520008,3582
2026-05-24 19:00:00+00:00,2349.292187447302,2350.2692381477063,2348.040676186136,2349.104016838611,3762
2026-05-24 20:00:00+00:00,2349.0483804930896,2349.8477904989063,2347.779717076249,2349.060584874047,4677
2026-05-24 21:00:00+00:00,2348.529364065354,2350.598685972297,2346.867529868799,2349.1266470208557,4361
2026-05-24 22:00:00+00:00,2349.3441703558005,2349.848492734922,2348.78008041819,2349.2372385059216,1228
2026-05-24 23:00:00+00:00,2349.163118096973,2350.137422412857,2347.652660662974,2349.1036424450176,3132
2026-05-25 00:00:00+00:00,2348.3932660793594,2350.5163577665803,2347.5141907234465,2349.1020389480095,2571
2026-05-25 01:00:00+00:00,2348.8532958571595,2350.319840400221,2348.3756590186376,2349.226273748307,4456
2026-05-25 02:00:00+00:00,2349.5434461600607,2350.257803751205,2348.0829500297723,2348.9158502405317,1418
2026-05-25 03:00:00+00:00,2348.426598902598,2350.6063020696643,2347.5820114871585,2349.0337726345356,4189
2026-05-25 04:00:00+00:00,2348.8446009170634,2349.4658595500905,2348.009944725978,2348.911312005273,2654
2026-05-25 05:00:00+00:00,2348.8635488890413,2350.3761895991624,2347.336027879903,2348.962020616349,4695
2026-05-25 06:00:00+00:00,2348.495953437815,2349.9287346051883,2347.4769452536552,2348.9822186925217,4060
2026-05-25 07:00:00+00:00,2348.9186842024315,2350.1976321037246,2347.572460157549,2349.109023485384,2052
2026-05-25 08:00:00+00:00,2349.2080205350267,2350.081043647215,2348.635913487692,2349.1407620158825,4302
2026-05-25 09:00:00+00:00,2349.015070320957,2350.0854230056607,2348.3138817462395,2348.849532813276,1343
2026-05-25 10:00:00+00:00,2348.5204824074485,2349.9887658070056,2347.2678582088997,2348.7486996163666,518
2026-05-25 11:00:00+00:00,2348.9564388524495,2349.648956775188,2347.7690231794436,2348.7710884791295,2780
2026-05-25 12:00:00+00:00,2348.3086751983906,2349.5245868998763,2346.8734223901843,2348.7338077123245,2252
2026-05-25 13:00:00+00:00,2348.8978067103794,2349.680081775475,2347.7047760153546,2348.8029094629587,1065
2026-05-25 14:00:00+00:00,2348.4497294948346,2349.8802158791264,2347.802243924199,2348.922951345085,4973
2026-05-25 15:00:00+00:00,2349.279661427737,2350.266707850987,2348.234775853481,2348.999851286648,675
2026-05-25 16:00:00+00:00,2348.674575111372,2349.933516661136,2346.9678788568244,2348.9829322037517,3151
2026-05-25 17:00:00+00:00,2348.9275030877484,2349.5369973931092,2347.852887418039,2348.7627006461066,1674
2026-05-25 18:00:00+00:00,2348.815798067627,2349.572078083506,2347.626749726516,2348.708045006071,1832
2026-05-25 19:00:00+00:00,2349.1624919905394,2350.6949591528023,2347.416536633128,2348.7399702330094,1449
2026-05-25 20:00:00+00:00,2349.0652762454097,2349.8761724658125,2347.804471129154,2348.617028919245,2250
2026-05-25 21:00:00+00:00,2348.7809120902143,2350.0611136439898,2347.1094880136184,2348.6903497218996,3503
2026-05-25 22:00:00+00:00,2348.521350278805,2350.510500514865,2346.9978611277393,2348.8516861252947,1951
2026-05-25 23:00:00+00:00,2348.891937060339,2349.759839848694,2347.6013945548175,2348.906244035012,3747
2026-05-26 00:00:00+00:00,2348.99639717806,2349.907147120079,2348.3268478642976,2348.5482366148685,2514
2026-05-26 01:00:00+00:00,2348.4198611254956,2349.177109201869,2347.293225335426,2348.3757895811004,4033
2026-05-26 02:00:00+00:00,2348.3957566782315,2349.6446681834123,2347.858262873,2348.5743219933283,2500
2026-05-26 03:00:00+00:00,2349.260714305749,2349.8059217301534,2347.918527656077,2348.538516031992,2145
2026-05-26 04:00:00+00:00,2348.8827901714017,2349.370099298601,2347.0236988729266,2348.306987575845,2780
2026-05-26 05:00:00+00:00,2348.182315409512,2350.038267940458,2346.87570931132,2348.4672208475267,3589
2026-05-26 06:00:00+00:00,2349.185993066232,2349.4848748378195,2347.9015270689833,2348.4252088688377,2590
2026-05-26 07:00:00+00:00,2349.10356092742,2351.0905578672023,2347.4271166730255,2348.580987689552,4577
2026-05-26 08:00:00+00:00,2348.377733267621,2349.153358075383,2346.9395058331443,2348.6255832390334,2822
2026-05-26 09:00:00+00:00,2348.5524531020146,2349.9758447235236,2347.8738014719156,2348.6528495682687,1832
2026-05-26 10:00:00+00:00,2348.6686433146497,2357.1806957463705,2348.1264608071147,2356.5217109294754,625
2026-05-26 11:00:00+00:00,2356.330316705666,2357.512941700232,2342.477026356717,2343.4832377546327,2266
2026-05-26 12:00:00+00:00,2343.59444305753,2350.153684266944,2342.845390156198,2349.049517409133,744
2026-05-26 13:00:00+00:00,2348.9044183404917,2349.9114327908082,2347.306904752562,2349.1587338898034,660
2026-05-26 14:00:00+00:00,2349.1397397587725,2350.272610536812,2348.3899341879514,2348.96650596496,2170
2026-05-26 15:00:00+00:00,2349.051633666266,2350.458584460621,2348.355468347099,2349.0138059123383,1806
2026-05-26 16:00:00+00:00,2349.4331633059114,2350.1041782113384,2347.8064218932373,2349.1545976673133,4482
2026-05-26 17:00:00+00:00,2349.205049934748,2350.81320470976,2347.51708096753,2349.335709063422,3785
2026-05-26 18:00:00+00:00,2349.907253845037,2350.239012286291,2348.8618948473345,2349.2203500044325,4058
2026-05-26 19:00:00+00:00,2349.4643618112746,2350.3568171498996,2348.4899036874463,2349.354222081242,2954
2026-05-26 20:00:00+00:00,2349.9585391512023,2351.3950756283243,2347.6353944235384,2349.4699639797223,995
2026-05-26 21:00:00+00:00,2349.6316351620567,2350.2578067979707,2348.9297982166445,2349.786065921901,4329
2026-05-26 22:00:00+00:00,2349.7740437595367,2350.710126416055,2348.692587565704,2349.686767849018,2726
2026-05-26 23:00:00+00:00,2349.6953423798827,2351.5174717196564,2348.336291334339,2349.581961735288,2430
2026-05-27 00:00:00+00:00,2349.3090928724137,2350.431892667746,2349.053066868269,2349.5534273365656,3220
2026-05-27 01:00:00+00:00,2349.813478429714,2350.806489172625,2333.227343277245,2334.8242811372675,1236
2026-05-27 02:00:00+00:00,2335.212067860369,2350.515756621652,2334.2689592402194,2349.3926354088208,2665
2026-05-27 03:00:00+00:00,2349.0085812570956,2350.413674159112,2347.763791044684,2349.0827100484826,3225
2026-05-27 04:00:00+00:00,2348.992460562084,2350.3136961368286,2347.7017810350026,2349.0223329810574,3639
2026-05-27 05:00:00+00:00,2348.912834875042,2349.8441546841614,2348.106143320406,2349.0651228395755,2750
2026-05-27 06:00:00+00:00,2349.2496991956755,2350.491203745172,2347.334490427683,2348.9796137553476,4987
2026-05-27 07:00:00+00:00,2348.867136354907,2350.0877536640583,2348.1231504299226,2349.203498093062,4955
2026-05-27 08:00:00+00:00,2349.352577547766,2350.8054276596226,2348.2168716635774,2349.237604305455,934
2026-05-27 09:00:00+00:00,2349.1512052381554,2350.397557847297,2348.7372366919058,2349.112020024049,872
2026-05-27 10:00:00+00:00,2349.7904294714867,2351.371462371753,2348.367656963317,2349.186698263712,2819
2026-05-27 11:00:00+00:00,2349.660922276358,2350.5320883861386,2348.1297711476936,2349.3153024381236,4225
2026-05-27 12:00:00+00:00,2349.5139255791323,2350.6231195732894,2348.021682402351,2349.3597885915688,2805
2026-05-27 13:00:00+00:00,2349.7343051643684,2350.834060268403,2348.784566526875,2349.5676411105514,1476
2026-05-27 14:00:00+00:00,2349.629403342526,2350.374382134152,2348.6293138864453,2349.5853286615356,3030
2026-05-27 15:00:00+00:00,2349.6288083371587,2351.3100034711533,2348.209479874123,2349.6655628509266,4744
2026-05-27 16:00:00+00:00,2349.7525570004746,2350.2797926798626,2348.0557391988664,2349.702108529126,1251
2026-05-27 17:00:00+00:00,2349.399142898304,2350.880883713643,2348.456346050541,2349.669177919547,2504
2026-05-27 18:00:00+00:00,2349.368516790174,2350.3333630079524,2348.8006891311747,2349.7003402022356,3372
2026-05-27 19:00:00+00:00,2350.09865632019,2350.9269456412976,2348.9126131710304,2349.993206150144,2269
2026-05-27 20:00:00+00:00,2350.1935929217325,2351.511676710349,2349.4655509462264,2349.931300926515,699
2026-05-27 21:00:00+00:00,2350.28269201615,2351.3013385139043,2349.240549763549,2350.0011954722177,3513
2026-05-27 22:00:00+00:00,2349.632840433064,2350.482250737709,2348.7577724094185,2350.1473626698844,3835
2026-05-27 23:00:00+00:00,2349.858979143193,2350.6182205520254,2349.3445400347687,2350.3134742409343,3448
2026-05-28 00:00:00+00:00,2350.2098238741355,2351.718957309887,2348.701056396877,2350.2968490694448,3484
2026-05-28 01:00:00+00:00,2350.8984878210617,2351.2061564969194,2349.0912047620996,2350.0206210689157,3455
2026-05-28 02:00:00+00:00,2349.884411704258,2351.4303288992414,2348.0061412674795,2350.1008947744317,1986
2026-05-28 03:00:00+00:00,2350.4137096086115,2351.543604955508,2348.539597205019,2349.795256857006,574
2026-05-28 04:00:00+00:00,2349.703680819736,2351.2372690831185,2348.7269400106743,2349.9699754953963,4950
2026-05-28 05:00:00+00:00,2349.866467358172,2357.796175408674,2348.7781113689994,2356.6952202655825,1420
2026-05-28 06:00:00+00:00,2356.9974311914507,2357.6522665492535,2349.2524213060847,2350.06801606645,4229
2026-05-28 07:00:00+00:00,2350.1836556698718,2351.659612493868,2348.5339701765865,2349.9975434407006,2933
2026-05-28 08:00:00+00:00,2349.760317906084,2350.540019330941,2348.0248443729583,2349.827180889177,2927
2026-05-28 09:00:00+00:00,2349.406411442031,2350.3254022888686,2348.741623517679,2349.8409981545597,594
2026-05-28 10:00:00+00:00,2349.8450266791892,2351.2158232388038,2348.8077643448623,2349.8116228076037,4957
2026-05-28 11:00:00+00:00,2349.6727498888354,2351.249277980415,2348.301261198715,2349.7534574607866,2878
2026-05-28 12:00:00+00:00,2349.411826192582,2351.074607068056,2348.393835969565,2350.0080475519762,4235
2026-05-28 13:00:00+00:00,2349.6929330895564,2350.911957336208,2347.95161199858,2350.048516610849,4000
2026-05-28 14:00:00+00:00,2350.2073513577243,2350.764058808984,2349.6067060272885,2350.156459913322,1120
2026-05-28 15:00:00+00:00,2350.204422929713,2350.8441325260524,2349.655673726747,2350.311282546928,4764
2026-05-28 16:00:00+00:00,2350.475989547247,2351.6269014176246,2349.2107844196407,2350.4277740107204,3159
2026-05-28 17:00:00+00:00,2350.242098266463,2352.647587622127,2348.688113252298,2350.5480272302675,1333
2026-05-28 18:00:00+00:00,2350.4615046949793,2351.5913943374376,2349.11963625309,2350.5328277977455,3113
2026-05-28 19:00:00+00:00,2350.768809403878,2351.2509737644027,2349.8406829700575,2350.288057280155,3273
2026-05-28 20:00:00+00:00,2350.421376638899,2351.716571669863,2349.2226387220603,2350.2757742013287,3438
2026-05-28 21:00:00+00:00,2350.5658018509635,2352.026018036722,2349.4490163305068,2350.4135877285694,1946
2026-05-28 22:00:00+00:00,2350.0432840574204,2351.630013837422,2348.3385165677664,2350.2456307242355,4733
2026-05-28 23:00:00+00:00,2350.1963599895194,2350.8848974269167,2348.957713699223,2350.2096892245468,1566
2026-05-29 00:00:00+00:00,2350.0446320519886,2351.5956882660885,2347.4525216925986,2350.1414495134563,2714
2026-05-29 01:00:00+00:00,2350.3659597285327,2351.2520337881533,2349.180384408908,2350.2821531636914,4273
2026-05-29 02:00:00+00:00,2350.2145775059366,2351.9764854460136,2348.7349262551666,2350.4089867317416,848
2026-05-29 03:00:00+00:00,2350.4040447213274,2351.223680749913,2349.5756044772743,2350.4963805215366,2316
2026-05-29 04:00:00+00:00,2349.9335652602254,2351.6340332486707,2349.3342983560738,2350.592137278757,2656
2026-05-29 05:00:00+00:00,2350.4922353615493,2352.3105884670695,2349.4390311463185,2350.5733937769123,3978
2026-05-29 06:00:00+00:00,2350.884207352307,2351.645498285963,2349.3367835566137,2350.617444623065,4045
2026-05-29 07:00:00+00:00,2350.4199886041883,2350.958256073345,2347.092126705126,2348.0806898194974,4086
2026-05-29 08:00:00+00:00,2348.4002433279843,2356.9197004542493,2346.4452023987687,2355.0213675051014,2113
2026-05-29 09:00:00+00:00,2354.4076052360238,2354.8844129327313,2349.26294970378,2350.269252933313,2712
2026-05-29 10:00:00+00:00,2350.0613283981734,2351.150848092634,2348.9857034025795,2350.314890345048,621
2026-05-29 11:00:00+00:00,2349.869294030646,2351.176809713221,2348.651922887216,2350.4384184616406,4202
2026-05-29 12:00:00+00:00,2350.4307992406652,2351.3325756851673,2349.1997273361726,2350.623290542564,1864
2026-05-29 13:00:00+00:00,2350.402511047747,2351.258622528256,2350.0622555830705,2350.807877297453,2603
2026-05-29 14:00:00+00:00,2350.519513031317,2351.1968789342754,2349.4625535129844,2350.6976993128665,3569
2026-05-29 15:00:00+00:00,2350.6237649908912,2351.9354785108067,2348.985895069362,2350.6804231148453,3994
2026-05-29 16:00:00+00:00,2350.7326246115576,2351.563391793595,2349.6110958586805,2350.7115998283016,887
2026-05-29 17:00:00+00:00,2350.740547273069,2352.2556493034676,2349.705169545833,2351.0123031638727,3952
2026-05-29 18:00:00+00:00,2351.454819978042,2352.929910982532,2349.4747789744183,2351.22695145701,2191
2026-05-29 19:00:00+00:00,2350.6519840933993,2352.99938403475,2349.6845176008164,2351.3426894107292,2379
2026-05-29 20:00:00+00:00,2352.1314605460966,2353.0956919144746,2350.0359660550826,2351.275598605631,1099
2026-05-29 21:00:00+00:00,2351.059640596634,2352.713448783788,2349.9792105598012,2351.1746723046886,3725
2026-05-29 22:00:00+00:00,2351.6254078801676,2352.5597081985297,2350.0858005992454,2351.2904508804563,2641
2026-05-29 23:00:00+00:00,2351.4455259176857,2352.2643429730815,2350.1913903518966,2351.158657180137,967
2026-05-30 00:00:00+00:00,2350.838917604926,2351.9347864589718,2350.3674939439493,2351.1632688327804,1136
2026-05-30 01:00:00+00:00,2350.865357221837,2351.445113341421,2350.079994918337,2351.170915328464,3746
2026-05-30 02:00:00+00:00,2351.104222878946,2351.8874548849685,2350.388578623794,2351.3831102808313,990
2026-05-30 03:00:00+00:00,2351.4960468285944,2352.8526155093377,2349.9408636558323,2351.3543995170094,2845
2026-05-30 04:00:00+00:00,2351.2787335595317,2351.5715357712843,2350.5634964288593,2351.1198808878894,3640
2026-05-30 05:00:00+00:00,2350.886934772288,2351.9900763063565,2349.127923341915,2351.1752852033874,4604
2026-05-30 06:00:00+00:00,2351.0288287847766,2351.6054554700077,2349.4921417673577,2351.041314523713,1211
2026-05-30 07:00:00+00:00,2351.3037374367186,2353.0810319547127,2350.0240969540896,2351.0865366056837,1831
2026-05-30 08:00:00+00:00,2350.99581125973,2352.7681516446396,2349.6577516835396,2351.064689555809,1196
2026-05-30 09:00:00+00:00,2351.2011358485,2352.4607970437783,2349.9708734342357,2351.034542087419,4459
2026-05-30 10:00:00+00:00,2350.512379258212,2352.350892056174,2349.2624750227073,2351.1621217243546,3166
2026-05-30 11:00:00+00:00,2351.334780379929,2352.899367806132,2349.529930235879,2350.938121450426,4924
2026-05-30 12:00:00+00:00,2351.2825117166826,2353.226797792011,2349.1840483386945,2350.844788563079,696
2026-05-30 13:00:00+00:00,2350.97454772801,2352.0834055963746,2348.919322329367,2350.8868411642247,3676
2026-05-30 14:00:00+00:00,2350.66212515193,2352.060132205631,2349.752780085096,2350.7932975839326,648
2026-05-30 15:00:00+00:00,2350.7368022608566,2351.8766069881226,2349.665937805009,2350.611231693971,990
2026-05-30 16:00:00+00:00,2350.304623634877,2352.5336585322602,2348.2771595228005,2350.7045630312323,2441
2026-05-30 17:00:00+00:00,2350.7756524304527,2352.159089498028,2349.9752183752084,2350.8462412413683,2150
2026-05-30 18:00:00+00:00,2350.8852591077843,2351.467510138823,2349.7567031632557,2350.805522669354,2142
2026-05-30 19:00:00+00:00,2350.673232601831,2351.800534060727,2349.021667877391,2350.5124686116214,805
2026-05-30 20:00:00+00:00,2350.257837584457,2351.2517367706855,2349.6306837912075,2350.5985438208604,2950
2026-05-30 21:00:00+00:00,2350.4201731377657,2351.647373732641,2349.2665326362107,2350.387562874249,2033
2026-05-30 22:00:00+00:00,2350.070505774524,2352.1644668320946,2349.0803815570275,2350.4361034317635,4970
2026-05-30 23:00:00+00:00,2350.8033366993395,2351.8592197971925,2349.0854593766353,2350.3471566134504,4052
2026-05-31 00:00:00+00:00,2350.339425374763,2351.585170461091,2349.1755834787928,2350.2114319349594,2456
2026-05-31 01:00:00+00:00,2349.603683907211,2350.6207456056077,2344.8321125919074,2346.309815045517,3944
2026-05-31 02:00:00+00:00,2346.4543175641998,2351.5268965033797,2345.4158203101424,2350.161140637626,3092
2026-05-31 03:00:00+00:00,2350.2102334918395,2351.890509211912,2349.375540521681,2350.0970872652197,2729
2026-05-31 04:00:00+00:00,2350.000284903982,2351.1838468231444,2349.4901049413443,2350.1501148270336,4636
2026-05-31 05:00:00+00:00,2350.0091041525156,2351.0331201909808,2349.5928651103695,2350.092096216273,3143
2026-05-31 06:00:00+00:00,2349.4191226364424,2351.2099105747457,2347.927618553877,2350.21463852329,2674
2026-05-31 07:00:00+00:00,2350.6821968481504,2352.2025803138945,2349.278008795814,2350.2688925150524,3049
2026-05-31 08:00:00+00:00,2350.7486648627755,2351.6251253020405,2349.2767991031055,2350.1753421209555,4015
2026-05-31 09:00:00+00:00,2350.6877310789787,2351.6499941809893,2348.7845056551496,2350.084458516289,3836
2026-05-31 10:00:00+00:00,2350.3757959678246,2352.4458040566224,2349.067628118553,2349.8801129906055,2968
2026-05-31 11:00:00+00:00,2350.180866207219,2351.1238001740953,2349.079240637657,2350.132329467474,1295
2026-05-31 12:00:00+00:00,2350.4377590617178,2351.6477368454334,2349.3813809033477,2350.1105169378543,3367
2026-05-31 13:00:00+00:00,2350.307316534403,2351.3907037679264,2348.5227189774073,2349.776026965211,2437
2026-05-31 14:00:00+00:00,2349.6532616530735,2350.480518558689,2348.9409995253327,2349.6793293722762,4696
2026-05-31 15:00:00+00:00,2350.3334882405893,2351.204949645923,2347.460783278003,2349.53415065383,4587
2026-05-31 16:00:00+00:00,2349.404293670399,2351.0709277280575,2348.5692289646486,2349.664891561894,503
2026-05-31 17:00:00+00:00,2349.5937838078116,2350.578215715397,2348.393181768389,2349.443601517463,4995
2026-05-31 18:00:00+00:00,2349.420423707863,2350.856800905354,2348.158456248417,2349.289375268988,4554
2026-05-31 19:00:00+00:00,2349.3018027720036,2351.2252940654635,2348.1572442392594,2349.415449524501,4582
2026-05-31 20:00:00+00:00,2349.2611149730114,2349.754940586326,2348.8497655497767,2349.5832058554456,2739
2026-05-31 21:00:00+00:00,2349.550692802259,2350.597801242771,2348.8417907083262,2349.5210383402164,1717
2026-05-31 22:00:00+00:00,2349.246691559176,2351.213172514023,2348.5025240777886,2349.478380194786,3230
2026-05-31 23:00:00+00:00,2349.5514949538983,2349.738511324146,2349.1889052072374,2349.5505999940037,4473
2026-06-01 00:00:00+00:00,2349.891073123717,2350.417743486681,2348.437642199982,2349.30518766561,2525
2026-06-01 01:00:00+00:00,2349.316312748955,2350.962369822399,2348.3387244926375,2349.08414758993,4934
2026-06-01 02:00:00+00:00,2349.1182230846557,2350.237784620466,2347.591968691401,2349.029524626232,1674
2026-06-01 03:00:00+00:00,2349.5286237353184,2350.8259980437756,2348.123722919606,2349.200651485363,4338
2026-06-01 04:00:00+00:00,2349.493012468201,2350.4361451334416,2347.719115629129,2349.1113504619684,797
2026-06-01 05:00:00+00:00,2349.3977582137854,2350.8929501712923,2347.7282524463603,2349.1012595306333,4277
2026-06-01 06:00:00+00:00,2348.363303456635,2349.723960654947,2348.150429558252,2349.2283638261392,4753
2026-06-01 07:00:00+00:00,2349.472602995769,2350.0263528574983,2348.9318186238033,2349.501279619617,3661
2026-06-01 08:00:00+00:00,2349.8627025446367,2350.937690092091,2348.502771897374,2349.4750770486185,3307
2026-06-01 09:00:00+00:00,2349.7460635942525,2350.976739161613,2348.5159326863354,2349.438502103886,2351
2026-06-01 10:00:00+00:00,2349.3689798378923,2350.816583755727,2348.628791250668,2349.6669694171537,4430
2026-06-01 11:00:00+00:00,2350.0092397526764,2350.6843094739475,2348.598314380753,2349.458291905652,1069
2026-06-01 12:00:00+00:00,2350.036854701842,2365.5413792097615,2349.2540387954205,2363.9225458932287,1808
2026-06-01 13:00:00+00:00,2363.7158969855736,2364.6661131271976,2348.6611361170244,2349.467994031179,1090
2026-06-01 14:00:00+00:00,2349.321145707802,2350.0695272927146,2348.440458124763,2349.4345180695855,1750
2026-06-01 15:00:00+00:00,2349.7684827447356,2350.5839210738177,2348.199727575107,2349.4286112086866,2854
2026-06-01 16:00:00+00:00,2349.373655079117,2350.656417426502,2348.7791437965247,2349.298524798782,2011
2026-06-01 17:00:00+00:00,2349.2917173398005,2349.8301951437174,2348.4375613515144,2349.167205061504,2392
2026-06-01 18:00:00+00:00,2348.788186542524,2350.656841901485,2347.009285303051,2349.173630974932,1539
2026-06-01 19:00:00+00:00,2349.201689760115,2352.011267002826,2348.070323405991,2350.5670701431095,2087
2026-06-01 20:00:00+00:00,2349.9896372369303,2351.0003545197173,2347.288401005963,2349.2718675290294,2740
2026-06-01 21:00:00+00:00,2349.432909817808,2350.3634660940766,2347.616628643499,2349.2755499995537,1462
2026-06-01 22:00:00+00:00,2349.7362457738127,2350.368402337067,2348.3952753561116,2349.352307437566,4713
2026-06-01 23:00:00+00:00,2349.3026533188754,2350.9264259459983,2348.239927617987,2349.2447612311526,4537
2026-06-02 00:00:00+00:00,2349.3823638077797,2350.394225231583,2348.2699454984536,2349.36654087355,4442
2026-06-02 01:00:00+00:00,2349.726159575133,2350.700932790109,2348.20506686725,2349.4562923914254,506
2026-06-02 02:00:00+00:00,2349.321735973568,2350.3244148662766,2347.9474772350823,2349.731806101855,2727
2026-06-02 03:00:00+00:00,2349.21819308373,2350.725124070759,2348.0688737255027,2349.7133541594017,4077
2026-06-02 04:00:00+00:00,2349.4245366721834,2349.8995096598246,2348.194189710643,2349.650097138899,2069
2026-06-02 05:00:00+00:00,2349.3552913465905,2351.5321959680514,2348.7288885352978,2349.770237854603,1542
2026-06-02 06:00:00+00:00,2349.872957733988,2351.5797176598835,2349.0450123887804,2349.8781147827017,3252
2026-06-02 07:00:00+00:00,2349.6641090483913,2351.6948002232953,2348.856145957547,2349.810625886041,511
2026-06-02 08:00:00+00:00,2349.6625419908078,2351.1595269142363,2348.2497425279503,2349.770965762161,3255
2026-06-02 09:00:00+00:00,2349.5170590027105,2350.8831857038067,2348.0998260305237,2349.88467677675,2531
2026-06-02 10:00:00+00:00,2349.8131315521146,2350.461567350212,2348.0331932753775,2349.837291181088,3576
2026-06-02 11:00:00+00:00,2349.8835700652303,2351.194190095551,2348.456993657714,2349.789761630905,3572
2026-06-02 12:00:00+00:00,2349.3396689636493,2350.9614624612823,2348.652262829218,2349.8045175278216,2910
2026-06-02 13:00:00+00:00,2349.8664459647175,2350.329937602292,2348.7012980647914,2349.9509361739374,3126
2026-06-02 14:00:00+00:00,2350.4729793051897,2351.6324668572297,2348.890338604409,2349.8572428141765,620
2026-06-02 15:00:00+00:00,2349.8210841321534,2351.124273638587,2347.4692206943114,2349.4499759139608,4915
2026-06-02 16:00:00+00:00,2349.5644029090736,2351.1491563409195,2348.067337284658,2349.21933764666,842
2026-06-02 17:00:00+00:00,2349.190409387686,2351.06118041071,2347.2242043339647,2349.0760557839417,4894
2026-06-02 18:00:00+00:00,2347.909714481456,2350.128130705014,2346.7780173929127,2348.897641437609,4881
2026-06-02 19:00:00+00:00,2349.0805753278005,2350.4542319441325,2347.8440000329424,2348.8393489592418,3730
2026-06-02 20:00:00+00:00,2349.288803148295,2350.7327603905264,2347.2204300554017,2348.6448587549103,3858
2026-06-02 21:00:00+00:00,2348.9920431471583,2350.232139394604,2346.8512643357135,2348.532593556907,634
2026-06-02 22:00:00+00:00,2348.5848092289198,2350.5239627832984,2347.1784176660503,2348.4282363685857,4767
2026-06-02 23:00:00+00:00,2349.1274495754205,2350.0268810323255,2348.002055006758,2348.3680456356174,2877
2026-06-03 00:00:00+00:00,2348.9326997237195,2349.7158549933556,2347.581101363678,2348.575176934461,2027
2026-06-03 01:00:00+00:00,2348.3609974968613,2349.517414958228,2347.6948463191984,2348.6822604794406,3514
2026-06-03 02:00:00+00:00,2348.7632796229154,2349.498650865623,2347.8629424269293,2348.6601437313648,2907
2026-06-03 03:00:00+00:00,2348.7534306670095,2350.2131783040627,2347.2253826041006,2348.6135132890067,2127
2026-06-03 04:00:00+00:00,2349.085328321728,2351.4365558931577,2346.031793242707,2348.5513484143034,1948
2026-06-03 05:00:00+00:00,2348.02391763801,2349.2479256471047,2347.154911394561,2348.5835688947463,1031
2026-06-03 06:00:00+00:00,2348.560803392045,2349.7590648016785,2347.6295243903564,2348.658302324784,4590
2026-06-03 07:00:00+00:00,2348.4954350668286,2349.8942320310252,2347.6981717540702,2348.5648675019766,3496
2026-06-03 08:00:00+00:00,2348.4781768911016,2349.6580972141055,2346.8546406282726,2348.560763730553,1794
2026-06-03 09:00:00+00:00,2348.2849118608824,2349.2326899826876,2347.355923777528,2348.343565670632,3754
2026-06-03 10:00:00+00:00,2348.084077822407,2350.4728604893053,2346.9727566112247,2348.340422869079,3622
2026-06-03 11:00:00+00:00,2348.786613070898,2349.9287696988654,2348.0634326418435,2348.4320392546724,1129
2026-06-03 12:00:00+00:00,2348.724861059264,2349.506759808784,2347.978125337858,2348.463372862612,1287
2026-06-03 13:00:00+00:00,2348.399208653277,2350.12293974402,2346.0759062367633,2348.6869330957143,1538
2026-06-03 14:00:00+00:00,2348.5711893273865,2349.665315416206,2347.287769420624,2348.617014844687,973
2026-06-03 15:00:00+00:00,2348.4561818490897,2350.1285445575836,2347.2118992370392,2348.645395698978,4203
2026-06-03 16:00:00+00:00,2348.252356802561,2349.826197334555,2347.1333927489495,2348.6556161567614,1200
2026-06-03 17:00:00+00:00,2348.565496326873,2349.83707380268,2348.108947914314,2348.6421608568085,4151
2026-06-03 18:00:00+00:00,2348.7794615501934,2349.7990300322153,2347.3357065018513,2348.624182007118,2882
2026-06-03 19:00:00+00:00,2348.654810313041,2349.347831915174,2347.212366079849,2348.6175475508016,1025
2026-06-03 20:00:00+00:00,2348.9255279496524,2350.706807446579,2347.8524673356806,2349.349292765247,4300
2026-06-03 21:00:00+00:00,2349.616692535126,2350.2131753328595,2347.490354279946,2348.8741000526147,1280
2026-06-03 22:00:00+00:00,2348.3838561783623,2349.8446476527924,2347.455239339615,2348.890469654182,4996
2026-06-03 23:00:00+00:00,2348.94206627916,2350.0900929978084,2348.0495767919074,2349.0154397579536,563
2026-06-04 00:00:00+00:00,2348.83025157253,2350.3834671505133,2347.216768102349,2348.9403910095825,3302
2026-06-04 01:00:00+00:00,2349.3653676284307,2350.973324658564,2347.770169877384,2349.0251494455706,1911
2026-06-04 02:00:00+00:00,2348.5962383093092,2350.4724990966365,2347.3649066134367,2348.9450596021943,2901
2026-06-04 03:00:00+00:00,2347.911684387264,2349.5330989663325,2344.5682232727704,2345.696549312438,4278
2026-06-04 04:00:00+00:00,2345.9930578150143,2350.2733965341013,2344.2938256690727,2349.35688755156,4040
2026-06-04 05:00:00+00:00,2348.976644474628,2350.25991268674,2348.2805584565526,2349.2964523328983,1766
2026-06-04 06:00:00+00:00,2349.387590493193,2351.241175777835,2347.3810027080044,2349.0249569297985,786
2026-06-04 07:00:00+00:00,2348.5161801777344,2349.6952569736236,2347.8105027463785,2348.9094178779305,1776
2026-06-04 08:00:00+00:00,2348.759993929681,2350.5594880019476,2347.0457512658154,2349.01986637329,4142
2026-06-04 09:00:00+00:00,2349.3162345375745,2351.405849432661,2348.443291036531,2349.120332143478,2819
2026-06-04 10:00:00+00:00,2348.93851066651,2350.611366542051,2347.8039544892104,2349.1725813998682,3912
2026-06-04 11:00:00+00:00,2349.009335826053,2350.662260467003,2348.0319910699063,2349.275634596751,2726
2026-06-04 12:00:00+00:00,2349.698759987336,2350.9289382721217,2348.1505512051494,2349.2962064230596,2882
2026-06-04 13:00:00+00:00,2349.1089730227473,2349.8999042887745,2347.9059248913704,2349.3682202246077,791
2026-06-04 14:00:00+00:00,2349.596594848512,2351.1408514938057,2348.2386090446826,2349.464963678107,603
2026-06-04 15:00:00+00:00,2349.9305548716297,2351.740127429348,2347.8734093888984,2349.7080781077416,3665
2026-06-04 16:00:00+00:00,2349.6703982111494,2351.2049228876504,2348.996963856509,2349.762005744597,1409
2026-06-04 17:00:00+00:00,2349.4239137928835,2350.5415727351783,2348.829075411607,2349.8566475656253,2123
2026-06-04 18:00:00+00:00,2349.425946377137,2350.869017730053,2347.8772043344584,2349.831419322092,2163
2026-06-04 19:00:00+00:00,2350.435313045832,2351.306208918985,2348.3119822332424,2349.7202200658803,3349
2026-06-04 20:00:00+00:00,2349.7230109428765,2350.5553285892834,2348.926329019473,2349.9175990986632,4735
2026-06-04 21:00:00+00:00,2349.864261795281,2351.3834239629305,2347.90104820399,2349.9460305966472,3909
2026-06-04 22:00:00+00:00,2350.1483320188013,2351.167670654507,2349.313618159099,2350.040463748255,3373
2026-06-04 23:00:00+00:00,2349.8694957156995,2350.971484151137,2349.400909707792,2350.075082703027,4256
2026-06-05 00:00:00+00:00,2350.555745631437,2351.533600140409,2348.725460975606,2350.0133169555725,2795
2026-06-05 01:00:00+00:00,2349.4272955978536,2351.650043410345,2348.3680385247385,2350.031343053135,1153
2026-06-05 02:00:00+00:00,2349.4997461952603,2351.638812097858,2348.4556400608476,2350.186453028211,2697
2026-06-05 03:00:00+00:00,2349.7609599997727,2351.3852816318376,2348.2498988294137,2350.2755272223353,4900
2026-06-05 04:00:00+00:00,2349.96431142214,2350.721372936985,2348.9184918417805,2350.110873866858,4009
2026-06-05 05:00:00+00:00,2350.498033300424,2351.0412955174625,2348.9220154287013,2350.0607907940775,2073
2026-06-05 06:00:00+00:00,2350.2131798677565,2351.4604599035047,2349.160516125761,2350.2524736578093,1956
2026-06-05 07:00:00+00:00,2350.281918914176,2351.706420134121,2348.372425113383,2350.2602126427955,4631
2026-06-05 08:00:00+00:00,2350.3141085883076,2351.4548757950706,2349.2641176600264,2350.03937160012,925
2026-06-05 09:00:00+00:00,2350.2688651114513,2351.279327256135,2348.762156045655,2350.3016330011724,4697
2026-06-05 10:00:00+00:00,2350.307329931676,2351.320284894488,2349.40534652355,2350.372456709553,3546
2026-06-05 11:00:00+00:00,2350.660582153386,2351.856462889152,2349.349694812449,2350.4004313059017,4134
2026-06-05 12:00:00+00:00,2350.4009544309192,2351.721650313146,2349.111389308617,2350.359148322992,1980
2026-06-05 13:00:00+00:00,2350.3319197399505,2351.5050016023183,2348.060922274283,2350.49548627515,3418
2026-06-05 14:00:00+00:00,2350.724407389196,2351.56790262481,2349.3910893072125,2350.4695662176646,1965
2026-06-05 15:00:00+00:00,2350.3647554860086,2350.8638525786123,2349.4667528796886,2350.5983127266704,577
2026-06-05 16:00:00+00:00,2350.0719277849,2351.54673931009,2349.4687901688812,2350.6398481085594,2546
2026-06-05 17:00:00+00:00,2350.431113991678,2351.1675856441975,2349.3160683348533,2350.657995834417,4909
2026-06-05 18:00:00+00:00,2350.4160327679115,2351.736899490158,2349.6072643063935,2350.6867659598233,1592
2026-06-05 19:00:00+00:00,2350.475369966933,2351.3910613788944,2349.826307557956,2350.6266258186133,1229
2026-06-05 20:00:00+00:00,2350.4714095813083,2351.5641686117538,2349.48819666241,2350.768039405604,4647
2026-06-05 21:00:00+00:00,2350.7973670700017,2352.5124125959615,2349.2605064937634,2350.650728982812,4595
2026-06-05 22:00:00+00:00,2350.872212609641,2351.9419686582637,2348.9145688183726,2350.4847932841108,4311
2026-06-05 23:00:00+00:00,2350.2153759206685,2352.0201479078282,2349.0461853818656,2350.4986695912353,4894
2026-06-06 00:00:00+00:00,2350.3879536956247,2351.0934144794132,2348.9269595634105,2350.5547540462258,4959
2026-06-06 01:00:00+00:00,2350.647307592601,2351.6869127948726,2350.049468489448,2350.570221280746,4632
2026-06-06 02:00:00+00:00,2350.470860897527,2350.9779766879487,2349.81469261351,2350.598492948441,4840
2026-06-06 03:00:00+00:00,2350.1191957307724,2351.4565760294295,2348.6201298227065,2350.5662197505685,3850
2026-06-06 04:00:00+00:00,2350.853213967522,2351.7777662070434,2347.389929522729,2348.48711781539,1915
2026-06-06 05:00:00+00:00,2348.3621317054326,2352.723987367576,2346.4532687503906,2350.6444355950243,2562
2026-06-06 06:00:00+00:00,2349.9989666245924,2351.5187795793277,2348.87862986255,2350.582002345942,2212
2026-06-06 07:00:00+00:00,2350.0638079846312,2351.693949515848,2349.665882190564,2350.5496600944866,2792
2026-06-06 08:00:00+00:00,2350.1034381929508,2361.154916273426,2349.6573310613894,2360.2236002099544,3642
2026-06-06 09:00:00+00:00,2360.2960879026095,2360.798873386504,2349.336908885896,2350.711766384125,1587
2026-06-06 10:00:00+00:00,2350.8312233575116,2351.582578462142,2349.2424476649667,2350.7883076058997,571
2026-06-06 11:00:00+00:00,2350.9657666195585,2352.0475246761553,2349.2609385593623,2350.5964403030266,3212
2026-06-06 12:00:00+00:00,2350.7170999778255,2351.586870547989,2349.922826360685,2350.5973656384963,4972
2026-06-06 13:00:00+00:00,2350.717083397747,2351.6687368061216,2349.705590108925,2350.5527407902982,4378
2026-06-06 14:00:00+00:00,2350.491748231746,2351.4936561612094,2349.4735824088393,2350.3534142272647,548
2026-06-06 15:00:00+00:00,2350.5165320737015,2351.494507339415,2349.4542589395005,2350.3979213838406,3194
2026-06-06 16:00:00+00:00,2350.3430293387123,2351.8622060231964,2349.30892040971,2350.344639735919,2891
2026-06-06 17:00:00+00:00,2350.349019805983,2351.4607615911123,2349.502392738966,2350.073896785303,2412
2026-06-06 18:00:00+00:00,2349.8780725919787,2351.529194996967,2348.651266029186,2350.1488383894316,3509
2026-06-06 19:00:00+00:00,2350.1015071603024,2351.2242135827187,2348.967236985095,2350.2899273361,2419
2026-06-06 20:00:00+00:00,2349.7470209352273,2350.875779972839,2348.8146771426786,2350.446522324345,4613
2026-06-06 21:00:00+00:00,2349.479035455789,2351.094483419224,2348.738536180939,2350.4878300876817,4584
2026-06-06 22:00:00+00:00,2351.0751998650685,2352.020076488217,2349.178144304927,2350.5017144425233,3398
2026-06-06 23:00:00+00:00,2350.5081064098663,2352.0214321333074,2349.330949574507,2350.662371788495,2563
2026-06-07 00:00:00+00:00,2350.748959516965,2351.713386318293,2349.3753983994884,2350.8451194368,3186
2026-06-07 01:00:00+00:00,2350.7441806508364,2351.920294439775,2348.8351663779886,2351.003652295245,4550
2026-06-07 02:00:00+00:00,2351.1452643201715,2352.15640739246,2350.3617226406445,2350.9091530997853,1851
2026-06-07 03:00:00+00:00,2350.9191815160893,2351.799367895917,2349.6193997114806,2350.9293232744853,4408
2026-06-07 04:00:00+00:00,2351.0848767701295,2351.4275504994416,2350.087519758102,2350.965742308184,3159
2026-06-07 05:00:00+00:00,2351.0686984462527,2352.5833578443926,2349.55876779008,2350.762298969935,785
2026-06-07 06:00:00+00:00,2350.5746260603196,2354.087812744478,2349.840709100545,2353.312279305759,3873
2026-06-07 07:00:00+00:00,2353.689126553879,2355.0837772228824,2352.1416788160045,2353.793463903963,1409
2026-06-07 08:00:00+00:00,2354.0403564718663,2355.255386518398,2349.8433126634836,2351.1349702599045,2820
2026-06-07 09:00:00+00:00,2351.281251976999,2351.9003339032074,2350.5436027605074,2351.3183307249797,4776
2026-06-07 10:00:00+00:00,2351.1063314412654,2352.27462476988,2350.28131232795,2351.317788122933,4008
2026-06-07 11:00:00+00:00,2350.9159781500452,2352.22221367116,2349.861020389456,2351.313748008876,3647
2026-06-07 12:00:00+00:00,2350.9891712742815,2352.2460611953293,2350.6605450860125,2351.3231300135544,813
2026-06-07 13:00:00+00:00,2351.253330965638,2352.1710632164236,2350.190502441749,2351.2586354682962,4365
2026-06-07 14:00:00+00:00,2351.7382066536397,2352.7449611585907,2350.5131961611437,2351.1741811954544,2009
2026-06-07 15:00:00+00:00,2351.5922945400994,2353.197141037042,2350.8454432990197,2351.3198248089575,725
2026-06-07 16:00:00+00:00,2351.7069397271894,2352.8325415362865,2350.3372944902035,2351.4935922485474,4819
2026-06-07 17:00:00+00:00,2351.2424445596075,2352.3739930397915,2350.3410691308814,2351.3144114415322,1358
2026-06-07 18:00:00+00:00,2351.4755942451193,2352.168678982481,2350.53414260656,2351.401662606572,1955
2026-06-07 19:00:00+00:00,2351.2089337597936,2352.9199045335304,2350.3685995233286,2351.3838829364954,1139
2026-06-07 20:00:00+00:00,2351.2759948485605,2352.577608602161,2350.6915703547666,2351.3978566398982,3298
2026-06-07 21:00:00+00:00,2351.5260212600356,2352.3428802592794,2349.651843701719,2351.4709427886964,4405
2026-06-07 22:00:00+00:00,2351.9091868569253,2352.3080811379878,2350.7011117631882,2351.64019725814,2839
2026-06-07 23:00:00+00:00,2351.2124382717902,2352.8007544889656,2349.196287591578,2351.620708074378,4411
2026-06-08 00:00:00+00:00,2351.3733870632623,2353.2889474708068,2350.489611355654,2351.768990928712,4714
2026-06-08 01:00:00+00:00,2351.8506184516646,2352.930437572684,2351.0050729411187,2351.8120066786905,4426
2026-06-08 02:00:00+00:00,2351.3743934997983,2353.2627219097644,2349.7697043707008,2351.9271866951,1232
2026-06-08 03:00:00+00:00,2351.844973279405,2352.4826972600936,2349.9528277543855,2351.7966358263016,1427
2026-06-08 04:00:00+00:00,2351.954712731863,2353.246186736229,2351.3093471311104,2352.0619008106437,1847
2026-06-08 05:00:00+00:00,2351.823439213355,2353.8855504177573,2350.6704790456884,2352.1638122726986,3371
2026-06-08 06:00:00+00:00,2351.7957676742735,2352.9981391399997,2350.0598758460815,2352.2080779850357,4380
2026-06-08 07:00:00+00:00,2352.151597772246,2352.88266439861,2351.12282599836,2351.983068957519,1907
2026-06-08 08:00:00+00:00,2351.598904984243,2355.167994760678,2350.406916742674,2353.547908651501,3497
2026-06-08 09:00:00+00:00,2353.3087891059463,2353.885394591594,2351.149748880475,2352.009285881817,1342
2026-06-08 10:00:00+00:00,2352.1025198688662,2353.7032081089096,2350.922307870393,2352.064027848206,2943
2026-06-08 11:00:00+00:00,2351.5261946465216,2352.0614632378993,2350.2822634978597,2351.8404157730224,4008
2026-06-08 12:00:00+00:00,2352.107692286188,2353.5414669277475,2350.57474131726,2351.920636513009,2277
2026-06-08 13:00:00+00:00,2351.5463836671906,2352.9137247117724,2350.5163284014034,2351.8682678365594,1234
2026-06-08 14:00:00+00:00,2352.353683088875,2353.8957527218067,2351.378280482911,2352.0231874026804,2350
2026-06-08 15:00:00+00:00,2352.8296210725393,2354.062909771028,2350.747584047714,2352.0445083016716,3929
2026-06-08 16:00:00+00:00,2351.895301282559,2353.63835190783,2350.943991861363,2352.053383415583,4707
2026-06-08 17:00:00+00:00,2351.8429933483285,2353.183618641499,2350.2348676723523,2352.1789425829365,3272
2026-06-08 18:00:00+00:00,2352.38974303842,2353.655272565232,2351.2430121422567,2352.0847717167044,3519
2026-06-08 19:00:00+00:00,2351.9001784246148,2353.539926504576,2350.711193648756,2351.9847032618227,2387
2026-06-08 20:00:00+00:00,2352.422174961816,2353.4751487581134,2350.780032627929,2351.9723259354732,4680
2026-06-08 21:00:00+00:00,2352.0948524413448,2353.639695979826,2351.5406097248956,2352.029446738493,4414
2026-06-08 22:00:00+00:00,2352.12427867362,2353.215407113101,2350.8822048269726,2351.8831923291777,4874
2026-06-08 23:00:00+00:00,2351.8603679402427,2352.8953083843,2350.8498593075947,2351.6571704758994,4385
2026-06-09 00:00:00+00:00,2352.0023459089975,2353.541320034698,2350.3223350439225,2351.761898889934,2961
2026-06-09 01:00:00+00:00,2352.4158656824184,2353.433827146214,2350.1582476561034,2351.6539481315413,4821
2026-06-09 02:00:00+00:00,2351.486701515228,2352.1140489446047,2350.670137067296,2351.6180390636796,3244
2026-06-09 03:00:00+00:00,2351.78154935024,2352.3659567797085,2350.7416943190838,2351.375056842839,3207
2026-06-09 04:00:00+00:00,2352.008610623483,2352.7970215363734,2349.958761494249,2351.26151345886,3453
2026-06-09 05:00:00+00:00,2351.918269282202,2353.2220073961284,2349.0286232451667,2351.2784508866766,1336
2026-06-09 06:00:00+00:00,2350.7236769425895,2351.9333327557297,2350.029120653469,2351.396137342633,4276
2026-06-09 07:00:00+00:00,2351.481460248128,2352.082407656044,2350.1922576914417,2351.28824030265,2132
2026-06-09 08:00:00+00:00,2351.035268205274,2352.174014453055,2350.4642732156804,2351.5234049083033,3465
2026-06-09 09:00:00+00:00,2351.344836607203,2352.392712649069,2350.3519342608943,2351.4302418748625,4299
2026-06-09 10:00:00+00:00,2351.1105478545255,2352.2211294734193,2350.6790773924654,2351.349073550522,1015
2026-06-09 11:00:00+00:00,2351.402672145331,2352.9086813873178,2350.495787525439,2351.5402792929412,1853
2026-06-09 12:00:00+00:00,2351.6579103421377,2352.5952103920567,2350.3626708488055,2351.550162862872,4740
2026-06-09 13:00:00+00:00,2351.757474083706,2352.781722476736,2349.6217611868224,2351.4956983027255,2124
2026-06-09 14:00:00+00:00,2351.8558645023977,2353.1483979490854,2350.6259922443273,2351.463746018305,3474
2026-06-09 15:00:00+00:00,2351.801961934085,2352.6457249237683,2350.6384494757767,2351.615823889554,3027
2026-06-09 16:00:00+00:00,2351.3259691196827,2353.39280809747,2349.9595571647546,2351.825834293905,4414
2026-06-09 17:00:00+00:00,2351.8129986218173,2352.5416671487806,2351.2599942329557,2351.7018044610795,2796
2026-06-09 18:00:00+00:00,2351.4790108592238,2352.5778252137593,2350.3287252941177,2351.636392895596,2411
2026-06-09 19:00:00+00:00,2351.597861129926,2352.7524661163866,2350.273935916196,2351.687485139792,573
2026-06-09 20:00:00+00:00,2351.6721889860087,2353.016668537762,2350.2773172406014,2351.632869525345,2636
2026-06-09 21:00:00+00:00,2351.1364165908426,2352.878458886659,2350.4822572956145,2351.6160555873907,3133
2026-06-09 22:00:00+00:00,2352.01895338312,2352.8798643291234,2350.7411734928437,2351.5682733796298,3599
2026-06-09 23:00:00+00:00,2352.1370599695842,2353.468021054522,2350.264762332361,2351.697336417697,4010
2026-06-10 00:00:00+00:00,2351.503482009424,2352.6378585265993,2350.462551064415,2351.8350718473484,3993
2026-06-10 01:00:00+00:00,2352.378170661278,2352.9760145375967,2351.227217175498,2351.79081862352,2566
2026-06-10 02:00:00+00:00,2351.828953950729,2352.784980370444,2351.2321231450355,2351.7373095452085,853
2026-06-10 03:00:00+00:00,2351.9443845855812,2352.748463920062,2351.1812745062234,2351.8315136500173,1644
2026-06-10 04:00:00+00:00,2352.347030338701,2354.20637651957,2350.46894935888,2351.774403720528,2333
2026-06-10 05:00:00+00:00,2352.2020254972217,2353.330115147476,2350.330334532175,2351.8076803982412,4905
2026-06-10 06:00:00+00:00,2352.0791683828165,2353.115432836466,2350.7106837488072,2351.814611538049,3964
2026-06-10 07:00:00+00:00,2352.1559101235302,2353.281783731514,2350.6840857233155,2351.749600833269,4525
2026-06-10 08:00:00+00:00,2351.478360696788,2352.506417574985,2349.912191186604,2351.6390794360345,4965
2026-06-10 09:00:00+00:00,2351.802786538971,2353.3390150333994,2351.308705018378,2351.8042933505067,1099
2026-06-10 10:00:00+00:00,2352.3021531304344,2353.2480722805167,2350.0286882309015,2351.781972692649,552
2026-06-10 11:00:00+00:00,2352.073636443915,2352.624977413799,2351.4293407095747,2351.994196603091,3082
2026-06-10 12:00:00+00:00,2352.718830451634,2353.0426542266355,2350.9637374617264,2351.8892934616674,1691
2026-06-10 13:00:00+00:00,2351.3979254216392,2353.1307639154156,2350.407812799338,2351.928347853378,4409
2026-06-10 14:00:00+00:00,2351.812436865456,2353.073112850827,2350.7928423877,2352.205707461403,2591
2026-06-10 15:00:00+00:00,2351.977164046635,2352.781487985663,2351.366765824064,2352.1250166773675,542
2026-06-10 16:00:00+00:00,2352.4381899762925,2353.290072843019,2351.1458539619684,2351.8929246190346,1503
2026-06-10 17:00:00+00:00,2351.8457416260953,2353.235199567178,2350.3529623583877,2352.089012625067,2036
2026-06-10 18:00:00+00:00,2352.115628749182,2352.9462706777235,2350.4862441478667,2351.9622020149754,621
2026-06-10 19:00:00+00:00,2352.0985396018586,2353.5772848594243,2350.3738261240314,2351.974398730453,1928
2026-06-10 20:00:00+00:00,2352.449720480345,2354.7390926162125,2350.065686487201,2351.912073551793,2927
2026-06-10 21:00:00+00:00,2351.711239518835,2353.450055865939,2349.699766666709,2351.9225269043113,4519
2026-06-10 22:00:00+00:00,2351.6323793493084,2352.7143775839427,2350.253453048134,2351.812897462315,3422
2026-06-10 23:00:00+00:00,2351.748473462935,2352.540825410128,2350.276110357307,2351.8216176226897,919
2026-06-11 00:00:00+00:00,2351.8834354772457,2353.74005308881,2350.9439677369514,2351.8675006692697,2372
2026-06-11 01:00:00+00:00,2351.970180296701,2353.113460928567,2349.7514180070607,2351.704204536687,3959
2026-06-11 02:00:00+00:00,2351.723346664411,2353.3755606307127,2347.477262501566,2348.2580398435134,2164
2026-06-11 03:00:00+00:00,2347.7764863993507,2351.919071377906,2347.194302702368,2351.5555088650663,3034
2026-06-11 04:00:00+00:00,2351.446604363756,2352.941963698142,2350.100583676333,2351.3754924894924,4935
2026-06-11 05:00:00+00:00,2351.550642781931,2352.730245685469,2349.940622744002,2351.322745477314,1120
2026-06-11 06:00:00+00:00,2351.441116744778,2352.0883978733696,2349.7311812249486,2351.2943597567023,2648
2026-06-11 07:00:00+00:00,2351.8286089213307,2352.708374585755,2350.1533117918525,2351.2060224252286,3243
2026-06-11 08:00:00+00:00,2351.0798962107247,2352.398194225684,2350.014618482815,2351.185508916965,4091
2026-06-11 09:00:00+00:00,2351.486689898756,2352.270071319912,2350.241312947845,2351.170052749052,4265
2026-06-11 10:00:00+00:00,2351.0012004272157,2352.7403775831917,2349.2239934089453,2351.0272449250147,1792
2026-06-11 11:00:00+00:00,2351.2782252851484,2351.8913894841903,2349.973286900302,2351.129793533834,2601
2026-06-11 12:00:00+00:00,2350.892791344903,2352.382687683784,2349.307672356395,2351.308920152692,4235
2026-06-11 13:00:00+00:00,2351.0466483393966,2352.539491266636,2349.6001445084,2351.2353476350277,4275
2026-06-11 14:00:00+00:00,2351.217140574748,2352.2183546001274,2349.896233248795,2351.2606506675284,4206
2026-06-11 15:00:00+00:00,2351.56131289186,2352.469279288064,2350.244704878556,2351.252791806284,3504
2026-06-11 16:00:00+00:00,2351.557488625049,2351.957719863383,2350.286791257391,2351.305384053253,1704
2026-06-11 17:00:00+00:00,2351.1736409748905,2352.7844361537577,2350.9222150571663,2351.5528426540645,2157
2026-06-11 18:00:00+00:00,2351.493013650069,2352.396628165493,2350.9555463876145,2351.624386514194,3451
2026-06-11 19:00:00+00:00,2351.8386702855023,2353.29872936942,2350.4020568810565,2351.2249872422735,1644
2026-06-11 20:00:00+00:00,2351.8648937732582,2352.096063444948,2349.976943872187,2351.2752935197946,3569
2026-06-11 21:00:00+00:00,2351.4175060200287,2352.7119488028893,2349.9858247139146,2351.336240281908,2817
2026-06-11 22:00:00+00:00,2351.426170598038,2352.561629882077,2350.2528216649143,2351.32527587154,2491
2026-06-11 23:00:00+00:00,2351.753805215562,2353.3494135058754,2350.5036469220845,2351.476045173488,2099
2026-06-12 00:00:00+00:00,2352.0078020528485,2352.938631745917,2350.6872477905526,2351.380198235584,3982
2026-06-12 01:00:00+00:00,2351.2510106305285,2352.5722264994033,2349.7623197239427,2351.1910483496176,2594
2026-06-12 02:00:00+00:00,2350.9463424625687,2351.8864190689787,2350.0277490894496,2351.1960110526047,1880
2026-06-12 03:00:00+00:00,2351.1603823851447,2352.539259980926,2349.6721315577634,2351.0050038891445,2227
2026-06-12 04:00:00+00:00,2351.423531350341,2352.518949426286,2350.040754625583,2351.0136907286046,2679
2026-06-12 05:00:00+00:00,2350.7296130317877,2352.682510286558,2349.5293810310945,2351.1566407877935,3279
2026-06-12 06:00:00+00:00,2351.254962797779,2352.647017873609,2349.9480060762994,2350.9168498959093,4955
2026-06-12 07:00:00+00:00,2350.619527610102,2352.1996688671625,2349.8283497748494,2350.7711622109964,2032
2026-06-12 08:00:00+00:00,2350.267544886593,2351.829781160509,2349.3149109311435,2350.6411743040767,1304
2026-06-12 09:00:00+00:00,2350.33505227725,2351.876696012481,2349.4513819108734,2350.6573772622396,4900
2026-06-12 10:00:00+00:00,2350.800970361638,2352.030787957902,2349.6458125667687,2350.5571968156964,1165
2026-06-12 11:00:00+00:00,2350.495448009352,2352.589840455757,2349.664705971154,2350.7044255553274,4567
2026-06-12 12:00:00+00:00,2350.641947905395,2352.7936473255136,2348.6877355867045,2350.799386946469,1139
2026-06-12 13:00:00+00:00,2350.560659601985,2352.1702763889,2348.7968818780655,2350.800810799688,2137
2026-06-12 14:00:00+00:00,2351.0372944039345,2351.99393261637,2349.365631206674,2350.5045584729264,4991
2026-06-12 15:00:00+00:00,2350.498511896418,2351.138416765424,2349.2441808323515,2350.5288671432686,1245
2026-06-12 16:00:00+00:00,2350.5914916536126,2351.279831515332,2349.539924484147,2350.4204016442677,1219
2026-06-12 17:00:00+00:00,2350.252810907552,2351.2917066034697,2348.6723997182085,2350.551091033986,3241
2026-06-12 18:00:00+00:00,2350.5558638194757,2351.315902517273,2349.223710072328,2350.411519207183,1356
2026-06-12 19:00:00+00:00,2350.5789466730002,2352.014970444739,2349.051070173693,2350.4859941034447,609
2026-06-12 20:00:00+00:00,2350.544325524461,2351.4390392885807,2349.3969601270405,2350.6269073401686,3626
2026-06-12 21:00:00+00:00,2351.0460167526326,2352.6519109538835,2349.51387620469,2350.678440432955,4817
2026-06-12 22:00:00+00:00,2350.79264772351,2353.070945282155,2348.3442259255635,2350.632895895477,3917
2026-06-12 23:00:00+00:00,2350.393611797967,2352.1914057952454,2348.918484469351,2350.658168712376,4839
2026-06-13 00:00:00+00:00,2350.010394188352,2351.0137184465975,2348.7287828590406,2350.328750231946,2871
2026-06-13 01:00:00+00:00,2349.9802806919747,2352.051560361492,2347.5968841006043,2350.359482815271,3263
2026-06-13 02:00:00+00:00,2350.052575605823,2351.494955438341,2348.5575423965033,2350.362067452798,4922
2026-06-13 03:00:00+00:00,2350.1725805168153,2351.0815427738125,2349.605976559416,2350.355650909436,2766
2026-06-13 04:00:00+00:00,2349.9777444174406,2351.438205327437,2348.5784491084537,2350.457976402186,675
2026-06-13 05:00:00+00:00,2350.5465815211724,2351.457821918266,2349.2763452927197,2350.423127178747,1574
2026-06-13 06:00:00+00:00,2350.636428654488,2351.4143243900144,2348.790006901423,2350.286000239679,3293
2026-06-13 07:00:00+00:00,2350.1266182850936,2351.3119765182855,2349.2707177936945,2350.2637646688213,4357
2026-06-13 08:00:00+00:00,2350.1068909683127,2350.7199068878263,2349.3588387127957,2350.2414740538084,3229
2026-06-13 09:00:00+00:00,2350.5714768844546,2352.053606627883,2348.9110596483147,2350.2161791745016,2325
2026-06-13 10:00:00+00:00,2350.03250531241,2350.526217572628,2349.6567935427975,2350.2527532244576,1945
2026-06-13 11:00:00+00:00,2350.02817836337,2352.0323838694785,2347.867981724813,2350.3687037002924,3574
2026-06-13 12:00:00+00:00,2350.1395873489346,2352.272717022608,2348.8091052586947,2350.212822546887,4547
2026-06-13 13:00:00+00:00,2350.354889165969,2351.669095296698,2348.948282859295,2350.2315021282034,1751
2026-06-13 14:00:00+00:00,2350.043300901868,2350.7939756562164,2349.62083938837,2350.0593777651416,2987
2026-06-13 15:00:00+00:00,2349.7367731780564,2350.516056831738,2348.2730152255094,2349.794205939375,2423
2026-06-13 16:00:00+00:00,2349.939285733953,2350.8579152620077,2349.31048238229,2349.778347573821,1608
2026-06-13 17:00:00+00:00,2350.003449154831,2351.1931565545187,2348.3993064228152,2349.685029992537,2323
2026-06-13 18:00:00+00:00,2349.492305368369,2350.735427582052,2348.541391988905,2349.677074218068,897
2026-06-13 19:00:00+00:00,2349.5164665770867,2351.2169378155336,2347.922799808062,2349.575561992255,2885
2026-06-13 20:00:00+00:00,2349.4061943413258,2357.413817648516,2348.8481873974124,2357.204234243582,982
2026-06-13 21:00:00+00:00,2357.642929383568,2358.2695713434505,2349.1484368262973,2349.766845488136,2633
2026-06-13 22:00:00+00:00,2349.607326249249,2352.370118631982,2348.136276709299,2351.8207930047424,4537
2026-06-13 23:00:00+00:00,2351.7773466813396,2352.9429105798536,2347.18702882387,2349.457967590534,1155
2026-06-14 00:00:00+00:00,2349.8753712099297,2350.658542802402,2348.7305155889626,2349.3031923003873,1626
2026-06-14 01:00:00+00:00,2349.0302458728156,2350.572333931007,2348.349449193985,2349.5242009652543,3744
2026-06-14 02:00:00+00:00,2350.212252562252,2351.21621342742,2348.7368074449028,2349.4640284258185,4581
2026-06-14 03:00:00+00:00,2349.383925564091,2350.4208424147096,2348.435652274961,2349.467905331738,4800
2026-06-14 04:00:00+00:00,2349.7093652363005,2351.085611229364,2348.3329158997462,2349.423524355928,1040
2026-06-14 05:00:00+00:00,2349.4929001224596,2350.8762314523506,2348.2185021872842,2349.3296377952465,1575
2026-06-14 06:00:00+00:00,2349.2822153388925,2350.272800755911,2348.2751362017143,2349.321594924702,4927
2026-06-14 07:00:00+00:00,2349.304686594336,2350.516524819193,2333.2512601356198,2334.4883685353884,2775
2026-06-14 08:00:00+00:00,2335.0235255867588,2350.8486585136698,2334.3647417908005,2349.6869541541637,4250
2026-06-14 09:00:00+00:00,2349.93566707367,2350.23235492464,2348.786334826965,2349.6096452509696,564
2026-06-14 10:00:00+00:00,2349.423195540343,2350.381116019269,2348.273349985976,2349.717047270669,1023
2026-06-14 11:00:00+00:00,2349.4371801517436,2350.467289281232,2348.0822210106253,2349.5917489624608,1419
2026-06-14 12:00:00+00:00,2349.8461254886856,2350.8637016248067,2348.827401227574,2349.1826312336057,887
2026-06-14 13:00:00+00:00,2349.2535188931847,2350.270564157643,2347.4183174094283,2349.3074484142508,4508
2026-06-14 14:00:00+00:00,2349.345598082636,2350.3067025654013,2348.828349551976,2349.469930511507,4115
2026-06-14 15:00:00+00:00,2349.904619497356,2350.60015228066,2348.9318320149214,2349.6403966446933,2256
2026-06-14 16:00:00+00:00,2349.644981358438,2350.448264289345,2347.8878776229412,2349.5969202540896,851
2026-06-14 17:00:00+00:00,2349.5694301885023,2350.1990956054715,2348.051451110144,2349.5676142485945,977
2026-06-14 18:00:00+00:00,2349.151150247631,2350.880636973921,2348.2002217396766,2349.635257849494,1679
2026-06-14 19:00:00+00:00,2349.3978856040167,2351.358992326263,2347.9937789598816,2349.6825236562677,3771
2026-06-14 20:00:00+00:00,2349.4988046799926,2350.6716828594735,2349.0440261642675,2349.6278055421144,4105
2026-06-14 21:00:00+00:00,2350.0261410064545,2351.3798092478005,2347.8176482478025,2349.408140226057,2926
2026-06-14 22:00:00+00:00,2349.763880838912,2351.8960079743647,2348.269474534026,2349.473024140626,4584
2026-06-14 23:00:00+00:00,2349.378358034128,2350.6096127689816,2347.505086155756,2349.6471345073865,4676
2026-06-15 00:00:00+00:00,2350.1359470592274,2350.915163817363,2348.9874700181686,2349.531825129791,3954
2026-06-15 01:00:00+00:00,2349.473286596559,2350.9530543977053,2348.8427762258925,2349.5854549956466,854
2026-06-15 02:00:00+00:00,2348.80043011416,2349.890204497351,2348.4077970894955,2349.64661548217,4504
2026-06-15 03:00:00+00:00,2349.7027678023546,2350.0490331605642,2349.2936973067426,2349.7526239339954,4587
2026-06-15 04:00:00+00:00,2349.4179277336475,2350.536331177578,2348.2353835054887,2349.868324634567,3019
2026-06-15 05:00:00+00:00,2349.5714658190464,2350.5523981744464,2348.2937350194306,2349.816230437212,3196
2026-06-15 06:00:00+00:00,2349.769946654407,2350.6011657976205,2348.3656590175215,2349.6380795877635,4008
2026-06-15 07:00:00+00:00,2349.4653122826544,2350.3113021207027,2348.026392242853,2349.5925576005893,3165
2026-06-15 08:00:00+00:00,2349.3366849597114,2350.2494789879734,2348.7435830465906,2349.7151755357772,2048
2026-06-15 09:00:00+00:00,2349.4789998369743,2350.4284257133904,2348.6374057657968,2349.658654852554,3636
2026-06-15 10:00:00+00:00,2349.1641550603426,2350.6212556740475,2348.7310841219464,2349.5307793754478,4033
2026-06-15 11:00:00+00:00,2349.4242356669943,2350.2216114005696,2348.067415600503,2349.314307861352,1136
2026-06-15 12:00:00+00:00,2348.8579699775364,2350.9102689596684,2347.582475918629,2349.5107207689275,3558
2026-06-15 13:00:00+00:00,2349.848166176819,2350.561979957618,2348.067836442535,2349.577810381957,1279
2026-06-15 14:00:00+00:00,2350.1300401226276,2350.958117778316,2348.420651347357,2349.712243315193,3086
2026-06-15 15:00:00+00:00,2349.68879981465,2351.366457926221,2348.7310204027754,2349.8715952451284,985
2026-06-15 16:00:00+00:00,2349.9973776441484,2350.5491439601087,2349.3321280687746,2349.974780763521,4965
2026-06-15 17:00:00+00:00,2349.779055686202,2351.599229665439,2348.2162457546806,2349.9518416363208,3505
2026-06-15 18:00:00+00:00,2350.0838748473006,2351.33397734084,2348.6638384359635,2349.96595557185,2614
2026-06-15 19:00:00+00:00,2350.108564346949,2350.495404168797,2349.6235791471813,2349.914949177614,2767
2026-06-15 20:00:00+00:00,2350.24709267991,2351.551695872935,2348.173278130458,2350.2361880000667,3286
2026-06-15 21:00:00+00:00,2350.2622044121263,2351.7612002779924,2348.4029936340885,2350.2755606595606,1060
2026-06-15 22:00:00+00:00,2350.338483389568,2351.0089843659434,2338.436327886049,2339.3553612343767,2794
2026-06-15 23:00:00+00:00,2339.290572903916,2351.458775308182,2338.3309210182456,2350.2871986503214,3721
2026-06-16 00:00:00+00:00,2349.961405135328,2351.1611210453298,2349.2316841054335,2350.133328077258,1672
2026-06-16 01:00:00+00:00,2349.8993051540433,2350.6849651048483,2348.8011731695824,2350.3125889556936,2657
2026-06-16 02:00:00+00:00,2349.956754041175,2352.5795558150317,2348.166580449665,2350.2312674251,1986
2026-06-16 03:00:00+00:00,2350.2713214392174,2351.1302340965462,2349.3959313084624,2350.3363367061806,1224
2026-06-16 04:00:00+00:00,2350.3449461389046,2352.0600376038947,2349.436784460233,2350.4866093549626,4904
2026-06-16 05:00:00+00:00,2350.544628000271,2351.5702571316133,2349.4838708931256,2350.5330677162447,3167
2026-06-16 06:00:00+00:00,2350.2766563654527,2351.7357735680985,2349.345531293823,2350.550623798008,2264
2026-06-16 07:00:00+00:00,2350.750356077815,2352.307986177429,2349.683323104444,2350.5530253576435,2022
2026-06-16 08:00:00+00:00,2350.582919087702,2351.442797411135,2350.082937830292,2350.541179576397,3557
2026-06-16 09:00:00+00:00,2350.9243285776033,2352.6135238523048,2348.7962266891486,2350.4449150777914,986
2026-06-16 10:00:00+00:00,2350.363735164319,2352.021743962312,2349.4919293628345,2350.3872007692785,3051
2026-06-16 11:00:00+00:00,2349.980826576537,2351.885401441086,2348.0966569108655,2350.5460991577006,1536
2026-06-16 12:00:00+00:00,2350.618990061095,2352.2646380276415,2349.8512306922535,2350.501816873305,4504
2026-06-16 13:00:00+00:00,2350.326208181924,2360.0752183921554,2349.1499047239627,2359.3701535939713,4029
2026-06-16 14:00:00+00:00,2359.2029280697766,2360.6158509962656,2348.867982454571,2350.3681277712176,3909
2026-06-16 15:00:00+00:00,2350.2315079269656,2351.347989360649,2349.0072602081987,2350.4555045651173,1156
2026-06-16 16:00:00+00:00,2350.440389963472,2350.9254382911686,2349.4871894747744,2350.5335102451595,862
2026-06-16 17:00:00+00:00,2350.367289984681,2351.552913027322,2349.5222801155287,2350.6256422811953,2562
2026-06-16 18:00:00+00:00,2350.713783349423,2352.6729759074783,2349.1449522647295,2350.621220330798,2099
2026-06-16 19:00:00+00:00,2351.0993250296406,2351.5832388487947,2349.8779059397157,2350.715669748291,3759
2026-06-16 20:00:00+00:00,2350.9730779215356,2352.6659093628246,2349.416518287517,2350.6394152434696,3703
2026-06-16 21:00:00+00:00,2351.015308311935,2351.753424680328,2349.177212857474,2350.5871354265087,2287
2026-06-16 22:00:00+00:00,2350.6379801995586,2352.207558186097,2349.3343750205277,2350.676419494312,1226
2026-06-16 23:00:00+00:00,2350.234571964771,2351.4426797019933,2348.9692735172953,2350.789947938401,1958
2026-06-17 00:00:00+00:00,2351.209339010876,2351.6828050356507,2350.2924969572073,2350.681600757746,2765
2026-06-17 01:00:00+00:00,2350.5454291761644,2351.5728747703142,2349.145435549117,2350.611120861187,1640
2026-06-17 02:00:00+00:00,2350.93073479221,2351.787884576781,2348.7928708102754,2350.6516646107834,1929
2026-06-17 03:00:00+00:00,2351.0914862962463,2352.4410035518563,2349.7435885851573,2350.8554947793305,1583
2026-06-17 04:00:00+00:00,2350.5602224218865,2351.3747708025103,2349.4455088520685,2350.5945218126226,791
2026-06-17 05:00:00+00:00,2350.986489344919,2351.8944803301597,2349.7381528297333,2350.6199441004455,3205
2026-06-17 06:00:00+00:00,2350.429360025486,2351.821968866319,2349.1560508682956,2350.4602496805273,4987
2026-06-17 07:00:00+00:00,2350.567741312286,2351.997624419448,2349.5267655631083,2350.3790778801695,4783
2026-06-17 08:00:00+00:00,2350.647976444792,2351.5754178350435,2349.125919372478,2350.3208991172996,4682
2026-06-17 09:00:00+00:00,2350.4242423603173,2351.3054081890427,2348.4471384148806,2350.2767602364615,3465
2026-06-17 10:00:00+00:00,2350.2837101433547,2350.987530123232,2342.380273697518,2342.8982498140012,3863
2026-06-17 11:00:00+00:00,2342.3759753488744,2352.180199506774,2341.526353238054,2350.185268975319,788
2026-06-17 12:00:00+00:00,2349.90014060054,2351.330949830107,2348.345992938235,2350.1288246281806,1404
2026-06-17 13:00:00+00:00,2350.098308471236,2350.908621027143,2349.089794758417,2349.9432799274955,3677
2026-06-17 14:00:00+00:00,2349.600234623801,2351.7873138782065,2347.770181151952,2350.0429668907227,4948
2026-06-17 15:00:00+00:00,2350.175227694657,2350.602681612811,2348.9288228509035,2350.1401416513518,4587
2026-06-17 16:00:00+00:00,2350.6270579229567,2351.8995923953707,2349.3231710385753,2350.212836843527,3338
2026-06-17 17:00:00+00:00,2350.200647366539,2351.870426978951,2348.881247471455,2350.015917675879,990
2026-06-17 18:00:00+00:00,2350.0209220295433,2351.305314645146,2348.712707159564,2350.087732277687,4847
2026-06-17 19:00:00+00:00,2349.8703710474815,2351.474192266417,2349.4277834244176,2350.1397977525653,1930
2026-06-17 20:00:00+00:00,2350.631121990327,2350.9958684245353,2348.975832667554,2349.9631371431283,691
2026-06-17 21:00:00+00:00,2349.9632397098517,2350.857856538599,2349.166844500262,2349.9176918040794,3956
2026-06-17 22:00:00+00:00,2349.8528773175467,2350.7808838057063,2349.1953873121156,2349.9044675553064,1280
2026-06-17 23:00:00+00:00,2350.634827355961,2351.4677204579975,2349.360557140916,2350.126298566285,1857
2026-06-18 00:00:00+00:00,2350.6593838191366,2351.4497807372013,2349.8033898587864,2350.354297819341,3547
2026-06-18 01:00:00+00:00,2349.9272777879482,2351.15513307674,2349.4296133944977,2350.1849297978647,4844
2026-06-18 02:00:00+00:00,2350.2627989763305,2351.9406172234967,2349.226397210036,2350.4173801777247,4582
2026-06-18 03:00:00+00:00,2350.1633412991705,2351.14806001315,2349.131033138423,2350.3174514380466,1236
2026-06-18 04:00:00+00:00,2350.41118432067,2354.202324768866,2349.416735390192,2352.748485925673,1291
2026-06-18 05:00:00+00:00,2353.0946277647477,2354.5307309007776,2349.3178652866486,2350.5624334269924,4140
2026-06-18 06:00:00+00:00,2350.749197347757,2351.560821763985,2349.2187248790706,2350.4334554369766,1926
2026-06-18 07:00:00+00:00,2350.701130880069,2351.794688438179,2348.9974982126714,2350.473825274307,850
2026-06-18 08:00:00+00:00,2350.5481651416626,2351.654599371306,2349.3632163533634,2350.4385625738432,3146
2026-06-18 09:00:00+00:00,2350.502087394318,2352.2079658523107,2349.5816951443912,2350.496925624273,3456
2026-06-18 10:00:00+00:00,2350.4452352178364,2351.2725985409984,2349.860248600487,2350.560293432651,4998
2026-06-18 11:00:00+00:00,2350.567560169407,2351.842785825714,2349.4161064392747,2350.7497888377825,2688
2026-06-18 12:00:00+00:00,2350.875319916155,2352.086082831185,2349.8404144212286,2350.7504383023343,4098
2026-06-18 13:00:00+00:00,2350.7233062582363,2351.805614399192,2348.9711972767955,2350.7779199193546,2904
2026-06-18 14:00:00+00:00,2351.1252938881403,2351.9971111102386,2349.9612445717626,2350.9103370392463,4656
2026-06-18 15:00:00+00:00,2350.830136478832,2351.6724166350255,2350.076709131844,2351.0238268306966,2693
2026-06-18 16:00:00+00:00,2350.9331980211905,2366.8371447511963,2349.5346677819134,2366.0527213425307,3537
2026-06-18 17:00:00+00:00,2365.688392708856,2366.791332730165,2350.4894191420753,2351.032838016754,4834
2026-06-18 18:00:00+00:00,2350.916368329009,2352.0135619154175,2350.1126809295524,2350.916543344802,4448
2026-06-18 19:00:00+00:00,2351.068322683096,2351.756649194242,2350.232952545197,2350.9278880295965,2304
2026-06-18 20:00:00+00:00,2351.2795591700556,2352.545339759576,2349.6863028161533,2350.874671602686,2781
2026-06-18 21:00:00+00:00,2351.0396157367973,2352.233040567035,2350.2977137935777,2350.9513339016753,3167
2026-06-18 22:00:00+00:00,2350.5999803348063,2351.836500958268,2349.0140600895475,2351.0926769344674,1058
2026-06-18 23:00:00+00:00,2351.2052202632594,2351.964648554228,2350.14376838713,2351.065015486296,1550
2026-06-19 00:00:00+00:00,2351.0446145994515,2352.3571628796717,2350.3831328521596,2351.2244820139827,3693
2026-06-19 01:00:00+00:00,2350.5792106437316,2352.585944286497,2349.773824428331,2351.411413375232,822
2026-06-19 02:00:00+00:00,2351.7823826092535,2353.3540082271224,2349.95188981702,2351.441398384894,3206
2026-06-19 03:00:00+00:00,2351.7567844444466,2352.514797919426,2350.109469167389,2351.3497357701717,2681
2026-06-19 04:00:00+00:00,2351.431439187599,2352.2673318978964,2349.4908768381565,2351.5391305986504,2684
2026-06-19 05:00:00+00:00,2351.301718277881,2352.0184348335824,2350.7040627032525,2351.5402230946925,4306
2026-06-19 06:00:00+00:00,2351.214685551255,2353.0680135946436,2349.989527844118,2351.5659870657,1737
2026-06-19 07:00:00+00:00,2351.57357643167,2355.7856225997775,2351.104867242232,2354.6152878187154,4058
2026-06-19 08:00:00+00:00,2354.696507931756,2358.9701715215965,2353.7303526125947,2357.16585443253,4028
2026-06-19 09:00:00+00:00,2357.1222026932855,2357.8704527198347,2350.5205879218097,2351.1859125497353,4966
2026-06-19 10:00:00+00:00,2350.949393531881,2352.4475526111955,2349.654827045115,2351.2257992701734,4191
2026-06-19 11:00:00+00:00,2350.8760089539096,2352.2920551487723,2349.6669876851647,2351.1303308626093,2781
2026-06-19 12:00:00+00:00,2351.481275198035,2352.606021242623,2350.8949484393515,2351.4995741351718,2138
2026-06-19 13:00:00+00:00,2351.6723371261974,2360.590016801802,2350.3981561233777,2359.740508931929,4014
2026-06-19 14:00:00+00:00,2359.964916374234,2360.7765641897386,2349.581841233293,2351.2217975505882,4674
2026-06-19 15:00:00+00:00,2351.3985967940375,2352.0834890146434,2349.8933748486033,2351.249459817302,1763
2026-06-19 16:00:00+00:00,2351.284079843118,2352.469541192454,2350.148213812093,2351.4228038410592,2163
2026-06-19 17:00:00+00:00,2351.40579709683,2353.2485529850464,2349.864157001107,2351.415932746519,2736
2026-06-19 18:00:00+00:00,2351.828348443668,2353.1465200700227,2350.039615403281,2351.483437155183,984
2026-06-19 19:00:00+00:00,2351.7891486391877,2353.3014641122772,2349.2264920304915,2351.2691830722038,1913
2026-06-19 20:00:00+00:00,2351.107274336624,2352.783347094994,2350.251754183544,2351.8664042746686,1249
2026-06-19 21:00:00+00:00,2351.2697726616443,2352.71522882386,2349.831879144776,2351.7556774541085,3975
2026-06-19 22:00:00+00:00,2351.329119100806,2352.40466037232,2350.594532095077,2351.529847011323,2725
2026-06-19 23:00:00+00:00,2351.5881500506675,2352.2303101129173,2350.556046436309,2351.496585983073,3217
2026-06-20 00:00:00+00:00,2351.7365828191637,2352.183689712478,2350.325504532886,2351.17848188247,859
2026-06-20 01:00:00+00:00,2351.3402576565472,2352.3027870632764,2349.7556359786777,2351.019510384216,3080
2026-06-20 02:00:00+00:00,2351.3722461917387,2352.488552480688,2349.7315050252396,2350.94952294599,3732
2026-06-20 03:00:00+00:00,2351.063852974373,2351.661501918443,2349.848053254415,2350.8471831428365,3602
2026-06-20 04:00:00+00:00,2351.3120091289584,2352.6370670212464,2350.398236039945,2350.8940526016877,4077
2026-06-20 05:00:00+00:00,2350.9977901780653,2352.549723788051,2349.633553466919,2350.936361220704,1013
2026-06-20 06:00:00+00:00,2351.1518139075124,2352.3587944387905,2350.1507405983734,2351.0673083104625,2972
2026-06-20 07:00:00+00:00,2351.325654179559,2351.6256299237093,2350.8608609721305,2351.1298167358655,2669
2026-06-20 08:00:00+00:00,2351.1128879071066,2368.3944819374638,2350.882980521448,2367.9983037400048,4520
2026-06-20 09:00:00+00:00,2368.4422066088664,2368.7590616055136,2350.3082795473338,2351.2098516763176,3607
2026-06-20 10:00:00+00:00,2351.715898022686,2352.712554201076,2349.7250437356824,2351.253490621095,4794
2026-06-20 11:00:00+00:00,2351.51695942256,2352.4261227275065,2350.02151319097,2351.3459959497914,614
2026-06-20 12:00:00+00:00,2350.9377607211854,2352.81511419605,2349.526645779143,2351.3522112675223,2514
2026-06-20 13:00:00+00:00,2351.483456677323,2351.6032129592604,2350.910749532543,2351.242005454228,3664
2026-06-20 14:00:00+00:00,2351.1904957448264,2351.831871579272,2349.7126931094012,2351.159512528542,901
2026-06-20 15:00:00+00:00,2351.2797632916,2351.965259514943,2350.292467297037,2351.040579602673,3430
2026-06-20 16:00:00+00:00,2350.6721206750103,2351.7441911094415,2349.881619748777,2351.0772304000748,1540
2026-06-20 17:00:00+00:00,2350.787643414229,2352.7188370315744,2348.9290638357115,2351.055738863503,834
2026-06-20 18:00:00+00:00,2351.286861968728,2352.5801419453283,2349.43836026898,2350.977122541501,3459
2026-06-20 19:00:00+00:00,2350.374954100164,2352.067721345745,2349.193242713068,2350.8898595049113,2418
2026-06-20 20:00:00+00:00,2350.7833811131354,2351.455699604962,2349.7679505684114,2350.770845147841,2326
2026-06-20 21:00:00+00:00,2350.9284283097904,2352.173211215361,2349.1099464601275,2350.072816075001,1964
2026-06-20 22:00:00+00:00,2350.2809290607397,2351.9730446548856,2348.5961082839394,2350.0606922463576,3582
2026-06-20 23:00:00+00:00,2350.342360028975,2352.662017731836,2348.2328467642647,2349.9691281324717,3284
2026-06-21 00:00:00+00:00,2349.9425048914813,2350.7445036798094,2349.2540218626846,2350.027762810676,3500
2026-06-21 01:00:00+00:00,2350.1811895809938,2351.5299989507566,2349.542487542621,2349.9702512461336,4044
2026-06-21 02:00:00+00:00,2349.4804937052386,2350.474583538905,2348.969628005547,2349.8040350004853,3224
2026-06-21 03:00:00+00:00,2349.6129140139838,2350.7841927464583,2349.003858928288,2349.9228956129436,836
2026-06-21 04:00:00+00:00,2349.7611553054685,2351.3426797327957,2348.1340248916463,2349.8981508768748,1210
2026-06-21 05:00:00+00:00,2349.94248114562,2350.9633366872067,2348.546898003388,2349.8335277999167,4961
2026-06-21 06:00:00+00:00,2349.950593608092,2351.0642789036956,2348.6255725101655,2349.889976856622,1786
2026-06-21 07:00:00+00:00,2349.9917338173605,2350.6794744144777,2349.4382952954743,2350.0214517771265,2424
2026-06-21 08:00:00+00:00,2350.263348504935,2350.823646497442,2348.7909639009968,2349.9919308409058,2200
2026-06-21 09:00:00+00:00,2350.1296257110394,2350.7759952905453,2348.8829711360313,2349.8497847752933,4956
2026-06-21 10:00:00+00:00,2350.214461055449,2350.492524273498,2349.4867778435905,2349.888143885779,4209
2026-06-21 11:00:00+00:00,2349.8801507797407,2351.0581673543156,2348.454727700385,2349.8111512226724,2675
2026-06-21 12:00:00+00:00,2349.8947818550546,2351.330971515067,2348.7164748561872,2350.0476279317563,3570
2026-06-21 13:00:00+00:00,2349.659560321812,2350.395032498296,2348.925680249621,2350.0613831173323,2982
2026-06-21 14:00:00+00:00,2350.1310665267088,2355.1826264552756,2349.78897603036,2354.461411408782,3402
2026-06-21 15:00:00+00:00,2354.140651605721,2354.5823771464084,2348.712613803154,2349.845193590363,4792
2026-06-21 16:00:00+00:00,2349.7947922649482,2351.1657358522193,2348.7214153160244,2350.1074830193847,3524
2026-06-21 17:00:00+00:00,2350.669497811629,2351.8337557957934,2349.0202258960694,2350.3325009979244,1007
2026-06-21 18:00:00+00:00,2350.5622462468027,2352.0968987638003,2349.7302637034077,2350.5654508477537,2764
2026-06-21 19:00:00+00:00,2350.3537151720407,2351.1959034450565,2349.7855488246146,2350.47716534331,4188
2026-06-21 20:00:00+00:00,2350.8101676935426,2351.652681293345,2350.1077225189974,2350.5396036701277,678
2026-06-21 21:00:00+00:00,2350.5488468746526,2350.839230294869,2349.7261540762956,2350.445016661644,2106
2026-06-21 22:00:00+00:00,2350.762108341198,2352.111455780709,2349.3565238450997,2350.4502562581656,1405
2026-06-21 23:00:00+00:00,2350.3495641786203,2351.3541670669306,2348.736835198227,2350.3004826132446,3744
2026-06-22 00:00:00+00:00,2350.6712666949247,2351.231555668757,2349.589072721459,2350.208861690979,1131
2026-06-22 01:00:00+00:00,2349.768772903253,2351.571481380542,2349.2596597757797,2350.1235581412466,3308
2026-06-22 02:00:00+00:00,2350.5211169738427,2352.302704558775,2349.615191042904,2350.278439146869,787
2026-06-22 03:00:00+00:00,2350.235244561922,2350.916758201478,2348.878416830825,2350.3702824465586,4657
2026-06-22 04:00:00+00:00,2350.5126434521003,2351.325795439499,2348.864997973742,2350.413845622008,1937
2026-06-22 05:00:00+00:00,2350.1224126269917,2351.060538331007,2349.3119537367547,2350.2459883185934,2334
2026-06-22 06:00:00+00:00,2350.261992054483,2351.823632600567,2348.41037866401,2350.2104844187184,4044
2026-06-22 07:00:00+00:00,2349.853381519227,2352.2745093525623,2348.5993896268997,2350.121100857776,2208
2026-06-22 08:00:00+00:00,2349.620553352854,2350.759889758718,2348.106936455868,2350.2366700502284,1018
2026-06-22 09:00:00+00:00,2350.241794050289,2351.024899829592,2349.8208293083076,2350.4071849209554,4571
2026-06-22 10:00:00+00:00,2350.6695577298597,2352.527393035032,2342.8281027968255,2344.0972900566635,1001
2026-06-22 11:00:00+00:00,2344.3462709514806,2351.0377329182893,2343.7138085029906,2350.492250212937,2736
2026-06-22 12:00:00+00:00,2350.08147612977,2351.282773568271,2348.4419811811767,2350.178244910413,1059
2026-06-22 13:00:00+00:00,2350.2190192311054,2350.720901691733,2348.537906531392,2349.628283219192,3640
2026-06-22 14:00:00+00:00,2349.562693314258,2350.7670414103604,2348.05972606215,2349.7966815380014,1714
2026-06-22 15:00:00+00:00,2350.2889360628683,2351.7084660634832,2348.4378686639157,2349.772038181905,4695
2026-06-22 16:00:00+00:00,2350.3414656272603,2360.4854395551165,2349.2268015374602,2359.076281513216,1409
2026-06-22 17:00:00+00:00,2358.843964952511,2360.1007724142023,2349.559315835306,2349.9060099222056,3513
2026-06-22 18:00:00+00:00,2350.1297692721405,2351.636727401391,2349.1460297823946,2350.0799889646537,562
2026-06-22 19:00:00+00:00,2349.8427699903086,2351.10906455087,2349.204372083807,2350.0951919790086,1009
2026-06-22 20:00:00+00:00,2350.6767496417106,2351.1293585970857,2349.33678353164,2350.0899912645373,1744
2026-06-22 21:00:00+00:00,2350.4658488352848,2351.5938186914645,2349.785946088157,2350.081373097924,4477
2026-06-22 22:00:00+00:00,2350.1607306699566,2351.835255740744,2349.1721338119983,2350.0997401758414,4983
2026-06-22 23:00:00+00:00,2349.887312710739,2351.303734793742,2348.848503984875,2350.3001418810227,3261
2026-06-23 00:00:00+00:00,2350.431770626079,2351.0222984868788,2349.3740172867397,2350.2775731125353,2014
2026-06-23 01:00:00+00:00,2350.4595706249875,2351.607911263336,2349.482353360257,2350.3742687399094,1904
2026-06-23 02:00:00+00:00,2350.3089466928795,2351.4452179443306,2349.252480517976,2350.4233708323673,1450
2026-06-23 03:00:00+00:00,2350.793099445271,2353.1867082382964,2348.740569115767,2350.2399231270592,2032
2026-06-23 04:00:00+00:00,2350.3772923409438,2352.1235051283434,2348.9803813167737,2350.34180076918,2730
2026-06-23 05:00:00+00:00,2350.619645446214,2351.9788807350837,2349.5353927347055,2350.318390752052,3583
2026-06-23 06:00:00+00:00,2350.219626636239,2350.6586038472688,2349.41222112691,2349.9873986090556,1532
2026-06-23 07:00:00+00:00,2349.860310359478,2350.878993431544,2348.5152523349793,2349.7142157129706,661
2026-06-23 08:00:00+00:00,2349.7706523860525,2350.3829431771346,2348.2971361679106,2349.6263051243036,3018
2026-06-23 09:00:00+00:00,2349.595758459117,2350.5392598946783,2348.9529657488606,2349.6779511584455,1592
2026-06-23 10:00:00+00:00,2349.518748981422,2350.5377551517063,2348.3514369938844,2349.747680114096,2302
2026-06-23 11:00:00+00:00,2349.8698137346582,2351.76572234925,2347.5759704355874,2349.769756122628,3702
2026-06-23 12:00:00+00:00,2349.9375036665297,2350.989449187287,2348.4367524541617,2350.014070244972,4535
2026-06-23 13:00:00+00:00,2349.817235165959,2351.199821382199,2349.629817129664,2349.9022013511517,2904
2026-06-23 14:00:00+00:00,2350.03385688803,2351.313244407667,2348.568284561726,2349.9021850265544,4675
2026-06-23 15:00:00+00:00,2350.0609383687815,2351.403000729388,2347.68086128717,2349.913658689775,1710
2026-06-23 16:00:00+00:00,2350.137508259823,2350.9892185690105,2349.059695914294,2349.8225627294983,3708
2026-06-23 17:00:00+00:00,2349.747435511967,2350.622104073585,2349.550847735087,2349.8250716705033,4908
2026-06-23 18:00:00+00:00,2349.0674494863465,2350.254038473882,2348.4546275652706,2349.598959209108,1470
2026-06-23 19:00:00+00:00,2348.6680304239985,2350.5280931170996,2348.0858942902655,2349.7617521533975,3822
2026-06-23 20:00:00+00:00,2349.8779552562737,2351.45874078801,2347.876607331469,2349.661403604744,2632
2026-06-23 21:00:00+00:00,2349.9941416116385,2350.965260904617,2348.734744211197,2349.928280568447,4463
2026-06-23 22:00:00+00:00,2349.7974924250325,2350.987661134111,2349.354591272325,2349.9252489464316,1874
2026-06-23 23:00:00+00:00,2349.5988475715117,2351.101729642383,2348.6313040863092,2350.0415454805507,4822
2026-06-24 00:00:00+00:00,2350.3512567444163,2350.779818742862,2349.0041786135534,2350.032494588006,4092
2026-06-24 01:00:00+00:00,2349.792894516774,2350.672248374577,2348.7813970559273,2350.034383378595,3672
2026-06-24 02:00:00+00:00,2350.4967705201398,2351.698422624916,2349.2105089859087,2349.979720213601,631
2026-06-24 03:00:00+00:00,2349.450095822078,2350.4117009009356,2348.7514413814847,2349.969022279408,872
2026-06-24 04:00:00+00:00,2350.094876565942,2351.151076364847,2348.6913119097517,2349.981142431922,3481
2026-06-24 05:00:00+00:00,2349.7123481760486,2350.688512395124,2348.976071250331,2349.9146483912373,2655
2026-06-24 06:00:00+00:00,2349.3705076871124,2350.451532369072,2348.3214204727515,2349.8893346395294,1954
2026-06-24 07:00:00+00:00,2350.2701835874914,2351.4923267359127,2348.8410717155903,2349.780701723287,4288
2026-06-24 08:00:00+00:00,2349.800762018541,2351.428604279838,2348.665268510727,2350.0677567293756,2664
2026-06-24 09:00:00+00:00,2350.132969626557,2350.563260079836,2349.061524217929,2350.068573282137,2565
2026-06-24 10:00:00+00:00,2350.3211831675494,2351.9752331230966,2348.9500618305233,2350.215733258909,1953
2026-06-24 11:00:00+00:00,2350.14579500355,2351.520748261381,2349.090408681418,2350.197995622099,4917
2026-06-24 12:00:00+00:00,2350.737489048978,2351.8123085610123,2349.173722829422,2350.2474997163936,2141
2026-06-24 13:00:00+00:00,2349.388539742623,2351.621295676971,2348.0890212296854,2350.098295689089,1667
2026-06-24 14:00:00+00:00,2349.730455719776,2351.152960627772,2348.398733538414,2350.0604465151587,3534
2026-06-24 15:00:00+00:00,2350.142342589498,2351.2920025523304,2348.378698879834,2350.0506039482016,653
2026-06-24 16:00:00+00:00,2350.2401229714346,2351.560024621886,2348.994758299317,2350.2492004117917,3179
2026-06-24 17:00:00+00:00,2350.3888428329074,2352.1596597096554,2349.50757545542,2350.268272851126,3040
2026-06-24 18:00:00+00:00,2350.640640208344,2352.0044215792504,2347.614928783864,2348.588789515074,1598
2026-06-24 19:00:00+00:00,2348.2159117080514,2351.8504277988186,2347.3791596149877,2350.5209009239607,3960
2026-06-24 20:00:00+00:00,2350.3344552995454,2351.8993086224855,2348.74496258136,2350.753170947463,696
2026-06-24 21:00:00+00:00,2350.110905936272,2352.5846078917048,2348.16665201479,2350.790945132752,4917
2026-06-24 22:00:00+00:00,2350.660066608608,2352.2268036297046,2350.040548635508,2351.1106420548176,4352
2026-06-24 23:00:00+00:00,2350.8689376233406,2351.9948861038847,2349.368225772201,2351.049651155927,1289
2026-06-25 00:00:00+00:00,2350.9384960831167,2352.564696764813,2350.5108668234952,2350.9664937398993,2715
2026-06-25 01:00:00+00:00,2350.6274631399788,2351.528161067245,2349.629784326026,2350.840457969731,1386
2026-06-25 02:00:00+00:00,2350.8870777587263,2352.169971975906,2350.071624504211,2351.1232103790508,3284
2026-06-25 03:00:00+00:00,2351.3162312918544,2352.1311781030713,2349.619621976785,2351.2248131924625,2086
2026-06-25 04:00:00+00:00,2351.188419604345,2352.998124695957,2349.3712736858156,2351.205312532754,2698
2026-06-25 05:00:00+00:00,2351.4126598751873,2352.4268911596764,2350.411513276871,2351.3537131902276,4806
2026-06-25 06:00:00+00:00,2350.7036444892237,2352.728303938966,2349.160921149361,2351.4180040790325,3285
2026-06-25 07:00:00+00:00,2351.3829036135908,2352.3941384129653,2350.6510518184264,2351.6435775489517,4402
2026-06-25 08:00:00+00:00,2350.9007140690355,2352.172431326355,2350.2543106261037,2351.4736853684662,3321
2026-06-25 09:00:00+00:00,2351.5740810818556,2352.0851957579694,2349.4861320052555,2351.4419169877488,2635
2026-06-25 10:00:00+00:00,2351.430813801602,2351.9429204845246,2350.684135991405,2351.394919671097,567
2026-06-25 11:00:00+00:00,2351.3423458824195,2352.663093324898,2349.080227036705,2351.174829730983,901
2026-06-25 12:00:00+00:00,2351.0451028477796,2352.8438346863777,2349.4246972762326,2351.2926979589843,2899
2026-06-25 13:00:00+00:00,2351.686259624213,2352.658781102292,2350.3126703675644,2351.2791565763787,2767
2026-06-25 14:00:00+00:00,2351.2203535647986,2353.038018980709,2349.9530474104995,2351.3773833860632,2759
2026-06-25 15:00:00+00:00,2351.8871252189424,2352.5485080210915,2350.8691116533437,2351.6296856910103,4304
2026-06-25 16:00:00+00:00,2351.2929461835593,2352.9281216000227,2349.859579597401,2351.6233540677704,931
2026-06-25 17:00:00+00:00,2351.499042722191,2352.4577270655795,2350.3224900167083,2351.560297091258,3464
2026-06-25 18:00:00+00:00,2351.589949527776,2352.323959876183,2350.860425767631,2351.533159408045,3856
2026-06-25 19:00:00+00:00,2352.062452988547,2352.9803529877436,2351.276480811085,2351.6255029976633,3405
2026-06-25 20:00:00+00:00,2351.458140964442,2352.55386265815,2350.3541007580416,2351.531971305609,1561
2026-06-25 21:00:00+00:00,2351.631787938079,2352.9069610549177,2350.6582376413025,2351.45756024692,2328
2026-06-25 22:00:00+00:00,2351.428293608454,2352.7950914830776,2350.043887732736,2351.5775766967104,745
2026-06-25 23:00:00+00:00,2351.6726660171557,2352.695084370263,2350.8895336968403,2351.6145926163795,1297
2026-06-26 00:00:00+00:00,2351.1863009455537,2352.7288380256136,2350.66216201663,2351.384717773956,4114
2026-06-26 01:00:00+00:00,2351.742834823649,2353.0604026497854,2350.522160193595,2351.24616764205,3278
2026-06-26 02:00:00+00:00,2351.175639471485,2353.1084668245912,2349.921579799035,2351.434217142475,4393
2026-06-26 03:00:00+00:00,2350.8513239520166,2352.7709558411852,2350.268017677834,2351.4926942478774,3612
2026-06-26 04:00:00+00:00,2351.471147016853,2352.100331007217,2350.1456696057885,2351.4166341028535,1583
2026-06-26 05:00:00+00:00,2351.290749458653,2352.2227544107636,2350.5510143660904,2351.3434861104406,4159
2026-06-26 06:00:00+00:00,2351.215274350897,2352.6873742186067,2350.009115375857,2351.33596355487,3593
2026-06-26 07:00:00+00:00,2351.6054031107733,2352.6190510733686,2350.5705156213794,2351.3697463064914,1362
2026-06-26 08:00:00+00:00,2351.6567316995174,2356.520573534477,2350.9511529494534,2355.6333899270935,522
2026-06-26 09:00:00+00:00,2355.964878309563,2356.8551284382743,2349.3041622153587,2351.106626476332,3936
2026-06-26 10:00:00+00:00,2351.3470793388524,2352.5585053151544,2349.3104530137393,2351.165519473786,3745
2026-06-26 11:00:00+00:00,2351.1735201716715,2353.1194109301446,2350.157134440347,2351.1832301839445,904
2026-06-26 12:00:00+00:00,2351.1890065200473,2352.4355385680683,2350.590028795724,2351.256922662067,2591
2026-06-26 13:00:00+00:00,2351.5637357868127,2352.427211837527,2350.710329247893,2351.0968727474487,4612
2026-06-26 14:00:00+00:00,2351.3160280392476,2352.138638271815,2350.269735264651,2351.1518572164155,4066
2026-06-26 15:00:00+00:00,2350.896740726398,2352.0912634313145,2349.7625031206144,2351.269649309808,4177
2026-06-26 16:00:00+00:00,2351.3732211837187,2352.7967404294695,2349.997798267687,2351.328032719179,2268
2026-06-26 17:00:00+00:00,2351.410123178714,2351.5682963101995,2350.881894723664,2351.3693795358745,1045
2026-06-26 18:00:00+00:00,2351.1554887906545,2352.342840690965,2350.39578608825,2351.343929219917,2079
2026-06-26 19:00:00+00:00,2351.3860087941016,2352.2912081036898,2350.1846671400663,2351.2638890475655,3590
2026-06-26 20:00:00+00:00,2351.1844202313946,2352.100457395378,2349.998728768781,2351.2721842506903,4283
2026-06-26 21:00:00+00:00,2351.6149337355682,2353.4816539864064,2349.949567062576,2351.3994791576074,3398
2026-06-26 22:00:00+00:00,2351.408963344065,2352.06482765275,2350.9387128053827,2351.409543090021,673
2026-06-26 23:00:00+00:00,2351.3591265984314,2352.9380265821633,2349.780300345974,2351.3202307699335,3157
2026-06-27 00:00:00+00:00,2351.1142849274875,2352.3092798922576,2349.604840218665,2351.263709266466,1342
2026-06-27 01:00:00+00:00,2351.505514584898,2352.6465595179,2349.5249294659006,2351.2687532156883,3243
2026-06-27 02:00:00+00:00,2350.706909004852,2352.5435364600044,2349.357308440477,2351.202451385562,2354
2026-06-27 03:00:00+00:00,2350.591220433855,2352.736158162013,2349.8151810034756,2351.2472462151068,2898
2026-06-27 04:00:00+00:00,2351.461285043399,2352.9346459298904,2350.198658711246,2351.323552327979,3183
2026-06-27 05:00:00+00:00,2351.0440088686496,2353.1003746050874,2349.7914026742715,2351.406339680443,3371
2026-06-27 06:00:00+00:00,2351.371405788255,2353.633169420946,2349.4633337055034,2351.58810462333,523
2026-06-27 07:00:00+00:00,2351.683307362903,2353.2036659125165,2350.5881719234717,2351.6765637820326,4847
2026-06-27 08:00:00+00:00,2351.7950446458813,2352.596540730386,2350.6361216979826,2351.559353379724,3088
2026-06-27 09:00:00+00:00,2351.0925987736773,2352.5591649829694,2350.300842069803,2351.4536704399993,2782
2026-06-27 10:00:00+00:00,2350.7297668018355,2352.7595945198727,2349.94010484126,2351.5057061164507,2203
2026-06-27 11:00:00+00:00,2351.87920760259,2352.713832518141,2350.182521389907,2351.4171321821937,970
2026-06-27 12:00:00+00:00,2351.282705354751,2351.605625878419,2350.8985311638926,2351.317333339121,3335
2026-06-27 13:00:00+00:00,2351.125055716267,2352.793736919994,2349.8116225874037,2351.2680763841695,2134
2026-06-27 14:00:00+00:00,2351.4931880562535,2352.710399857746,2350.3047523998753,2351.221414130086,4581
2026-06-27 15:00:00+00:00,2351.08897241511,2352.5712457095033,2349.8443464684524,2351.1437510991495,3460
2026-06-27 16:00:00+00:00,2351.2585610253896,2351.8097590018087,2344.3326381966995,2344.887198052586,2483
2026-06-27 17:00:00+00:00,2344.6098763135274,2352.993671447032,2342.6998905185237,2351.2545465056946,642
2026-06-27 18:00:00+00:00,2350.777843139032,2351.480634121953,2349.5504099845266,2351.1944931799553,2995
2026-06-27 19:00:00+00:00,2351.319660516281,2352.630797779968,2350.2831240151836,2351.479698490476,4303
2026-06-27 20:00:00+00:00,2351.143355876254,2352.6171714043903,2350.4603230120974,2351.528465337103,2582
2026-06-27 21:00:00+00:00,2351.7007509707105,2352.7295553327413,2350.58972896345,2351.4775482662253,3426
2026-06-27 22:00:00+00:00,2351.7449618978926,2352.484320941765,2350.2548975127534,2351.476537915984,1033
2026-06-27 23:00:00+00:00,2351.582944533326,2353.160014148988,2350.5641910898917,2351.48051788959,2330
2026-06-28 00:00:00+00:00,2351.680898589744,2352.258948526547,2351.027944048464,2351.5441239574593,4069
2026-06-28 01:00:00+00:00,2351.9784775235134,2353.2241525318277,2351.1222665192913,2351.8294574654856,2406
2026-06-28 02:00:00+00:00,2351.723930076079,2359.1473181381016,2351.1537751471114,2357.320240056967,4483
2026-06-28 03:00:00+00:00,2357.3422237787654,2358.048393287686,2350.9642844613777,2351.8242484897064,2342
2026-06-28 04:00:00+00:00,2351.945678443501,2352.926416178362,2350.987536369087,2351.821313137343,4151
2026-06-28 05:00:00+00:00,2352.1275596357773,2353.7959464790624,2350.8401345243105,2351.627049091896,3397
2026-06-28 06:00:00+00:00,2352.01132795248,2353.677559501266,2350.64904876721,2351.679713089254,4764
2026-06-28 07:00:00+00:00,2351.06547044144,2352.875421592806,2349.972141188874,2351.8090059668825,2898
2026-06-28 08:00:00+00:00,2351.3730770375614,2352.9327018598224,2349.313734847835,2351.711814449582,2606
2026-06-28 09:00:00+00:00,2351.5824415011043,2353.0888705364746,2350.7944342492206,2351.743717715379,2091
2026-06-28 10:00:00+00:00,2351.724646113172,2352.274006545626,2350.703017371684,2351.6069054754685,3435
2026-06-28 11:00:00+00:00,2351.217151477341,2352.1836244516153,2350.279956202057,2351.4411840731796,4910
2026-06-28 12:00:00+00:00,2351.885051966871,2352.57686294999,2349.5362706255155,2351.6028301264096,1257
2026-06-28 13:00:00+00:00,2351.4728745203524,2352.404057451342,2350.5893401194767,2351.5529539576987,4713
2026-06-28 14:00:00+00:00,2351.5762804166034,2352.998866660535,2349.724287029569,2351.416116409538,4895
2026-06-28 15:00:00+00:00,2351.72932501192,2352.9699023052935,2349.9209193387105,2351.454466514566,3960
2026-06-28 16:00:00+00:00,2351.1211035361653,2352.68997704539,2349.6219188162554,2351.255440409064,3112
2026-06-28 17:00:00+00:00,2350.8918701166617,2352.3475991369173,2349.227508999514,2351.201701703271,4383
2026-06-28 18:00:00+00:00,2351.0315296700282,2352.491635102317,2349.5080758783106,2351.2802124972814,1677
2026-06-28 19:00:00+00:00,2351.9458268366366,2353.2553967445597,2349.4893110781154,2351.1058517527144,3352
2026-06-28 20:00:00+00:00,2351.2942691055373,2351.8910729006584,2350.2429495360348,2350.9586172971294,4124
2026-06-28 21:00:00+00:00,2351.303063092408,2352.5603500654697,2349.160821425448,2350.605557502069,4123
2026-06-28 22:00:00+00:00,2350.964736648468,2351.4171711468443,2349.276845151401,2350.7149691747063,3139
2026-06-28 23:00:00+00:00,2350.804761489567,2351.6645472454948,2349.6271991129884,2350.848646188394,2234
2026-06-29 00:00:00+00:00,2350.0846863071956,2351.702394196908,2349.345578460495,2350.7690514226188,4773
2026-06-29 01:00:00+00:00,2350.793629599158,2351.89901860847,2349.925689102878,2350.9014099649717,3531
2026-06-29 02:00:00+00:00,2350.5950086993853,2351.226393332158,2349.5604605338185,2350.8118219883313,3964
2026-06-29 03:00:00+00:00,2350.8817430764493,2351.6220568778485,2350.0079106486583,2351.0145657365442,3304
2026-06-29 04:00:00+00:00,2351.2357130040514,2352.2059815591388,2349.7034615738016,2350.909170537385,4447
2026-06-29 05:00:00+00:00,2350.7067162483363,2351.6693785729467,2349.947833245819,2351.1080676322545,2649
2026-06-29 06:00:00+00:00,2351.353032670713,2352.7799599411655,2342.8252599358943,2343.459657621443,2959
2026-06-29 07:00:00+00:00,2343.3681384040565,2351.742318672846,2343.1810360795726,2351.307584378178,4117
2026-06-29 08:00:00+00:00,2351.6919602282064,2353.2362229078462,2350.4430001142673,2351.4095918655607,2827
2026-06-29 09:00:00+00:00,2351.1036764364258,2352.209722958561,2349.5919869574377,2351.315922364942,1602
2026-06-29 10:00:00+00:00,2351.439637052548,2352.314184455468,2350.331070614554,2351.2686062268244,3907
2026-06-29 11:00:00+00:00,2351.876598994878,2353.3166486523387,2349.997347804706,2351.3773066476288,2189
2026-06-29 12:00:00+00:00,2351.46711266474,2352.5099624715135,2350.6461180830624,2351.5166154920757,972
2026-06-29 13:00:00+00:00,2351.8262815702424,2353.251048599906,2349.776956824357,2351.480696179205,2177
2026-06-29 14:00:00+00:00,2351.636880599435,2354.0430294267385,2350.2947135654335,2351.503573251842,743
2026-06-29 15:00:00+00:00,2351.176409209488,2353.153860095458,2350.6862363250975,2351.5606802664815,4452
2026-06-29 16:00:00+00:00,2351.3349423852355,2352.753525267772,2350.0734982665936,2351.556631091345,4926
2026-06-29 17:00:00+00:00,2351.878642937384,2352.334046835836,2351.0104823287306,2351.433999634919,1699
2026-06-29 18:00:00+00:00,2351.608533767942,2352.43369886515,2350.718773201833,2351.35744825603,4623
2026-06-29 19:00:00+00:00,2351.276276318485,2352.3964845736186,2350.233385778566,2351.42284760645,3701
2026-06-29 20:00:00+00:00,2351.065691136246,2352.8366895026666,2349.2678025668133,2351.7496369997643,4800
2026-06-29 21:00:00+00:00,2351.8149714536103,2353.287040566769,2350.509367978135,2351.914748669632,1232
2026-06-29 22:00:00+00:00,2351.741450425322,2353.585022346903,2350.0544058795567,2352.0022812701973,780
2026-06-29 23:00:00+00:00,2352.167685846383,2353.90085428216,2351.152261071378,2352.039306943953,4641
2026-06-30 00:00:00+00:00,2352.2743216186086,2353.7469073235447,2351.137637081274,2352.1311393281794,1711
2026-06-30 01:00:00+00:00,2352.0260147213335,2353.438366177942,2351.138434805281,2352.0794712381235,3183
2026-06-30 02:00:00+00:00,2352.4831549240475,2353.6692754978753,2351.023541956934,2352.0520517622676,4556
2026-06-30 03:00:00+00:00,2352.1612910313297,2352.9974375146844,2350.6131681147262,2351.961956937502,2043
2026-06-30 04:00:00+00:00,2352.1577233482258,2352.940786875716,2350.8049608277306,2351.787392145481,902
2026-06-30 05:00:00+00:00,2351.9616556397605,2353.0632166081004,2351.0220509275514,2351.8386759588284,4060
2026-06-30 06:00:00+00:00,2351.2987526592988,2353.4443750446276,2349.529223509231,2351.8610152693736,2531
2026-06-30 07:00:00+00:00,2351.6434728617205,2352.7587813562695,2350.7583495437743,2351.924788234057,601
2026-06-30 08:00:00+00:00,2351.962581399009,2353.8552007300273,2350.85943719401,2351.98442591971,2035
2026-06-30 09:00:00+00:00,2351.724701003173,2352.5536847299168,2350.0164060152624,2352.008938838606,2885
2026-06-30 10:00:00+00:00,2352.236000912946,2353.4474143221614,2350.762630789126,2352.068978960254,4459
2026-06-30 11:00:00+00:00,2352.278758312041,2353.080843456035,2351.4594139476562,2352.1081405197633,1517
2026-06-30 12:00:00+00:00,2351.973892709836,2352.8782971536675,2350.8077462511833,2352.1552263371323,2831
2026-06-30 13:00:00+00:00,2352.2406008607977,2352.906597244287,2351.02302606076,2352.0619916060555,1316
2026-06-30 14:00:00+00:00,2351.9105202371697,2353.5443536302582,2351.358161590223,2352.0539200431917,1806
2026-06-30 15:00:00+00:00,2352.70596594426,2353.8932959917934,2351.3902806797523,2352.1117749816267,1687
2026-06-30 16:00:00+00:00,2352.4544384464893,2353.3066407699016,2351.245192735825,2352.024836374647,2859
2026-06-30 17:00:00+00:00,2351.94428876691,2353.2234375433823,2350.8198293026458,2352.0139099096214,3485
2026-06-30 18:00:00+00:00,2351.8004834842363,2352.9050893210606,2350.760974833114,2352.234040667834,1006
2026-06-30 19:00:00+00:00,2352.432718630565,2353.663422480405,2350.7820210362447,2352.1667364198674,841
2026-06-30 20:00:00+00:00,2352.116201208403,2352.651678974764,2351.592238171454,2352.063956003488,3790
2026-06-30 21:00:00+00:00,2351.752242442159,2353.1752535738947,2351.3017157586137,2352.217391610359,1822
2026-06-30 22:00:00+00:00,2352.004155968934,2353.3987835413204,2350.665932349044,2352.346204527236,3282
2026-06-30 23:00:00+00:00,2351.9963117175066,2353.188988955225,2351.5317349980364,2352.4084766785504,845
2026-07-01 00:00:00+00:00,2352.5806558631602,2354.346182502261,2350.8065344673264,2352.6452350990744,3203
2026-07-01 01:00:00+00:00,2352.2313143953656,2353.8341268722675,2350.9011750749564,2352.6654954905625,4592
2026-07-01 02:00:00+00:00,2353.1915013883454,2354.8466663398062,2350.621308978,2352.9713167122068,2470
2026-07-01 03:00:00+00:00,2353.000209436689,2354.041778572975,2352.289369666205,2352.893974538752,3100
2026-07-01 04:00:00+00:00,2352.914264674482,2353.3280125333486,2352.331596549519,2352.9110184701863,1824
2026-07-01 05:00:00+00:00,2353.1959090574423,2354.1171239621945,2350.7265732133237,2352.863648317562,1786
2026-07-01 06:00:00+00:00,2352.908160361094,2353.670268181231,2352.0585725252945,2352.9255799953885,794
2026-07-01 07:00:00+00:00,2353.2405271388484,2354.3643998604007,2351.866065267404,2353.0376809666855,2655
2026-07-01 08:00:00+00:00,2352.6047196751597,2354.594550941,2351.15322267915,2353.0144048516972,4761
2026-07-01 09:00:00+00:00,2352.9768450190627,2354.1720072102366,2351.9502436031585,2353.2530873256824,1022
2026-07-01 10:00:00+00:00,2353.8121740388297,2354.875332650383,2352.150954002937,2353.307540124917,2374
2026-07-01 11:00:00+00:00,2353.0655507909787,2354.52993741999,2351.9512146826,2353.344599817032,4266
2026-07-01 12:00:00+00:00,2352.9966729524685,2354.1513234266904,2352.2875223900073,2353.2595865330027,2731
2026-07-01 13:00:00+00:00,2353.639609280464,2355.9773904578724,2351.495840322149,2353.3166225535347,3921
2026-07-01 14:00:00+00:00,2353.236947029811,2354.4718577769277,2352.38193147062,2353.286502211368,2190
2026-07-01 15:00:00+00:00,2353.682145229405,2354.1924296064485,2352.281955669357,2353.2309588648227,3211
2026-07-01 16:00:00+00:00,2352.9774109706386,2354.3603688965236,2351.3877390617063,2353.140547263909,4945
2026-07-01 17:00:00+00:00,2352.752365779259,2353.794442413451,2352.425689316117,2353.4611923656485,3190
2026-07-01 18:00:00+00:00,2353.021278829025,2354.7663576667837,2352.3395482436995,2353.466398934932,4082
2026-07-01 19:00:00+00:00,2353.475811466779,2354.539914875184,2351.6692946917124,2353.2302888812246,3621
2026-07-01 20:00:00+00:00,2352.9639999160127,2357.82059918909,2351.503314907239,2356.2208898267645,930
2026-07-01 21:00:00+00:00,2356.340926976462,2358.217495103839,2351.733380647925,2353.075195300406,1221
2026-07-01 22:00:00+00:00,2353.237527451748,2354.511998349543,2352.5756125743715,2353.131713828131,3236
2026-07-01 23:00:00+00:00,2353.164415025005,2354.9255882277394,2351.339168173083,2353.1919242064937,2066
2026-07-02 00:00:00+00:00,2353.2734110827573,2354.1768620081334,2352.2136122724455,2353.235434811513,2680
2026-07-02 01:00:00+00:00,2353.1598338288736,2354.0580646814637,2351.2311903614927,2353.1334226239082,2675
2026-07-02 02:00:00+00:00,2353.057818500919,2354.0618467330582,2351.5078545509286,2353.1527544351657,4070
2026-07-02 03:00:00+00:00,2353.372794771371,2354.1024830856513,2352.269401661232,2353.1090629017745,4958
2026-07-02 04:00:00+00:00,2353.6149147974984,2354.7280419757326,2352.6008515144295,2353.079749292506,4987
2026-07-02 05:00:00+00:00,2353.3822642631867,2353.872253742371,2352.3690028366027,2352.959330480124,858
2026-07-02 06:00:00+00:00,2352.793189701126,2353.9725093229513,2352.0941305279093,2352.8076342353147,3849
2026-07-02 07:00:00+00:00,2352.799250131175,2353.9295918822986,2351.7029293093756,2352.9066092740477,3763
2026-07-02 08:00:00+00:00,2352.8994250724827,2354.7475858788193,2351.857269452721,2352.941539417835,4392
2026-07-02 09:00:00+00:00,2352.6582620328195,2353.781762607891,2351.5634827615036,2353.055817257572,2420
2026-07-02 10:00:00+00:00,2352.8761202437468,2353.8071167276858,2351.644600473231,2353.0355885259137,2761
2026-07-02 11:00:00+00:00,2353.367289162411,2354.764120205204,2351.9674814038995,2353.1266841864863,2532
2026-07-02 12:00:00+00:00,2352.4193366878662,2353.915295639993,2351.5217511388905,2352.875324311703,2181
2026-07-02 13:00:00+00:00,2352.826824014967,2353.88291002959,2351.109113016818,2352.9598454524107,1610
2026-07-02 14:00:00+00:00,2353.0984759496664,2354.633142030108,2351.378628067999,2352.9848155093937,3394
2026-07-02 15:00:00+00:00,2353.138583117436,2353.7724131066857,2352.636590254501,2353.0692239013565,575
2026-07-02 16:00:00+00:00,2353.0564988374163,2353.7816236425856,2352.164268662141,2353.1252634962107,3872
2026-07-02 17:00:00+00:00,2352.5301509036094,2353.5077675266825,2351.814459755544,2352.973804653062,4287
2026-07-02 18:00:00+00:00,2352.8256374131406,2353.5182382311577,2352.260571390078,2352.8154070232686,1523
2026-07-02 19:00:00+00:00,2352.654981790051,2353.574638743486,2351.6214238685156,2352.709955230912,1461
2026-07-02 20:00:00+00:00,2352.8356236020545,2353.785817562305,2351.9596337365065,2352.79356675253,2765
2026-07-02 21:00:00+00:00,2353.1750456622485,2353.9256877415255,2351.6325227130915,2352.876111755435,4308
2026-07-02 22:00:00+00:00,2353.1965101754154,2354.751756651936,2350.7986783736746,2352.677548994672,1012
2026-07-02 23:00:00+00:00,2352.314668372978,2353.449290407876,2351.1462570926797,2352.5519121279617,2443
2026-07-03 00:00:00+00:00,2353.0352703085928,2353.7601674675134,2351.8689090526195,2352.4742579392,1473
2026-07-03 01:00:00+00:00,2352.9679919580262,2354.3105349157886,2351.420887602931,2352.44670546648,4334
2026-07-03 02:00:00+00:00,2352.5270640018803,2353.4850729666914,2351.9465531014416,2352.2797346693415,4468
2026-07-03 03:00:00+00:00,2352.171948135833,2353.3606008372217,2351.4003847359613,2352.1473829296697,878
2026-07-03 04:00:00+00:00,2351.8777230023306,2353.064146011435,2350.1810437972717,2352.0739504633757,1151
2026-07-03 05:00:00+00:00,2352.165363162523,2353.4837957285267,2350.608974134,2352.077884570813,1207
2026-07-03 06:00:00+00:00,2352.2141684069693,2353.6062783002562,2350.876701401152,2351.954966295346,4151
2026-07-03 07:00:00+00:00,2352.5816817703294,2354.0900712338043,2351.002676968384,2351.989414711279,4552
2026-07-03 08:00:00+00:00,2352.352519841027,2353.4395258878812,2351.7788212832966,2352.1654531642353,2176
2026-07-03 09:00:00+00:00,2352.833375233927,2353.5548376391475,2350.3452174934428,2350.887960356341,1208
2026-07-03 10:00:00+00:00,2350.875593620682,2353.3234076882663,2350.1078138425523,2351.930602779937,3485
2026-07-03 11:00:00+00:00,2352.272189854791,2352.953616277352,2351.401250333045,2352.0906965576555,4507
2026-07-03 12:00:00+00:00,2352.2393730343456,2353.6566729586525,2350.778905220887,2352.0140473245406,4596
2026-07-03 13:00:00+00:00,2352.2124417725245,2353.1924738963908,2350.4443484052135,2351.9121434333056,2502
2026-07-03 14:00:00+00:00,2351.4081456030895,2353.4676818981225,2349.6663091429086,2352.039608077755,4014
2026-07-03 15:00:00+00:00,2352.257422157742,2353.4935272620637,2351.2433088037214,2352.013369496015,4801
2026-07-03 16:00:00+00:00,2351.8969790743076,2353.4575921055834,2350.997484828256,2352.1433489813744,4216
2026-07-03 17:00:00+00:00,2351.868515243277,2356.0611022809103,2350.3662726420566,2354.492237525874,2636
2026-07-03 18:00:00+00:00,2354.213945941924,2355.264221691694,2351.5831906048315,2352.1205640679073,1675
2026-07-03 19:00:00+00:00,2352.3072623197013,2354.020780457367,2350.1943574173765,2352.1603185049685,2173
2026-07-03 20:00:00+00:00,2352.5312255803915,2354.542741436594,2350.1304059573968,2352.176784705914,2127
2026-07-03 21:00:00+00:00,2352.164524264125,2354.0798012246632,2351.4087814335344,2352.356331466366,4944
2026-07-03 22:00:00+00:00,2352.7249438855583,2354.018446903131,2351.4120484080318,2352.297967778602,3797
2026-07-03 23:00:00+00:00,2352.1748347613016,2353.592862275886,2350.729643550675,2352.3914374285782,4363
2026-07-04 00:00:00+00:00,2352.063194552089,2354.060887766318,2349.926437553647,2352.3718286103226,3997
2026-07-04 01:00:00+00:00,2352.583817005474,2353.022241432762,2350.790277986799,2352.4516774703898,2643
2026-07-04 02:00:00+00:00,2352.6728800510678,2353.3555332171773,2351.648564849461,2352.310817117522,4055
2026-07-04 03:00:00+00:00,2352.5002132041545,2353.4036657535316,2350.9885967065466,2352.366561654938,3379
2026-07-04 04:00:00+00:00,2351.896030720472,2353.8364554181035,2350.7164371235076,2352.388070875677,3830
2026-07-04 05:00:00+00:00,2352.68511717741,2354.339928050039,2351.0277443252594,2352.184774399842,1853
2026-07-04 06:00:00+00:00,2352.2264202097635,2353.350248097734,2350.575699961671,2352.2735213444507,1542
2026-07-04 07:00:00+00:00,2352.1226920934323,2353.3550603424255,2351.1004900105218,2352.511728539789,1311
2026-07-04 08:00:00+00:00,2352.5739661619,2353.749949301975,2351.8466748719584,2352.6650725081195,1800
2026-07-04 09:00:00+00:00,2352.756362830512,2353.5836027957503,2352.1110509297296,2352.835199775994,4903
2026-07-04 10:00:00+00:00,2352.7594833976823,2354.241073347788,2351.915115177589,2352.8777084358444,4739
2026-07-04 11:00:00+00:00,2352.918785961351,2353.7026300149587,2351.410429925367,2352.6886024098985,1158
2026-07-04 12:00:00+00:00,2353.09049470395,2354.286721503099,2351.1051806627424,2352.486871926401,2992
2026-07-04 13:00:00+00:00,2352.4202102688496,2353.865875045826,2351.5369844874253,2352.4949593467823,4731
2026-07-04 14:00:00+00:00,2351.7890213365736,2353.641471548262,2350.476698497866,2352.4370206637095,3895
2026-07-04 15:00:00+00:00,2352.172831914284,2353.711500003149,2351.221583631523,2352.345489366162,3254
2026-07-04 16:00:00+00:00,2351.8868679679736,2353.5749322951388,2350.113347334792,2352.3235435817805,3196
2026-07-04 17:00:00+00:00,2351.9049065730205,2353.6262599156385,2350.9288013370424,2352.411402325589,1967
2026-07-04 18:00:00+00:00,2352.0565004648925,2353.573364959386,2351.244452390489,2352.251226113942,4660
2026-07-04 19:00:00+00:00,2352.601266429779,2354.102885744074,2351.0492763421917,2352.1836219839797,873
2026-07-04 20:00:00+00:00,2352.3305520616714,2353.7537504935863,2350.1860627767824,2352.3367372551475,4409
2026-07-04 21:00:00+00:00,2351.8869106892075,2353.227671460328,2351.5600659305187,2352.1780994412234,4420
2026-07-04 22:00:00+00:00,2352.791100517352,2354.787091049151,2350.5698969709147,2352.2846334222313,1676
2026-07-04 23:00:00+00:00,2352.0081583351302,2353.4745168612085,2351.7665730367576,2352.234640977565,2803
2026-07-05 00:00:00+00:00,2352.710106683883,2353.88031316481,2350.9027964667966,2352.280323082986,4481
2026-07-05 01:00:00+00:00,2352.4199103636206,2353.9816067643274,2350.8646851664043,2352.4126670173832,2634
2026-07-05 02:00:00+00:00,2352.4593648079294,2353.9342672202783,2351.754339308682,2352.5158842553246,1850
2026-07-05 03:00:00+00:00,2352.649052037428,2353.5352093294873,2351.0334259545116,2352.640438175457,815
2026-07-05 04:00:00+00:00,2352.632522417062,2353.926843723659,2352.066285755199,2352.5410439544517,2484
2026-07-05 05:00:00+00:00,2352.8018019554206,2353.53184682543,2352.073306966263,2352.706607640065,1749
2026-07-05 06:00:00+00:00,2352.5446989100055,2353.6809340970362,2350.98931069079,2352.57925218049,4330
2026-07-05 07:00:00+00:00,2352.7472974771313,2354.0126885744453,2351.692706814326,2352.652486847597,4375
2026-07-05 08:00:00+00:00,2352.5619457826047,2353.700429984233,2351.0177928487783,2352.670201977423,1958
2026-07-05 09:00:00+00:00,2352.698237034286,2354.629406654311,2351.1907129395836,2353.9381010948746,1447
2026-07-05 10:00:00+00:00,2353.763749016772,2355.211986560666,2351.7278612223554,2352.796672971577,1808
2026-07-05 11:00:00+00:00,2353.0898016872447,2354.2016204527813,2351.6478745590175,2352.6851120396927,2308
2026-07-05 12:00:00+00:00,2352.9188450953297,2354.2033761662965,2350.3371138127054,2352.477935528723,3508
2026-07-05 13:00:00+00:00,2352.4187399638095,2352.972375327187,2352.0381918434314,2352.578328257563,1185
2026-07-05 14:00:00+00:00,2352.454184719791,2353.8189993559877,2351.4813122589594,2352.5616438259826,4998
2026-07-05 15:00:00+00:00,2352.814655136373,2353.870837986653,2351.903983197568,2352.723751527794,3651
2026-07-05 16:00:00+00:00,2353.150528065913,2353.94349595102,2352.156519807998,2352.7563033921197,1089
2026-07-05 17:00:00+00:00,2352.990829771371,2354.0292881973396,2351.639415799307,2352.5677608941055,1916
2026-07-05 18:00:00+00:00,2352.985737815345,2354.8141757124054,2351.5417694793236,2352.6912457243893,3654
2026-07-05 19:00:00+00:00,2352.6977736766285,2353.928593966137,2351.8589022827077,2352.62866646318,2767
2026-07-05 20:00:00+00:00,2352.6723891828915,2353.8444411459836,2351.4720297459266,2352.653994759817,2871
2026-07-05 21:00:00+00:00,2352.774593223872,2354.464947759893,2351.3638573304415,2352.595661995996,686
2026-07-05 22:00:00+00:00,2353.377457882504,2354.812987537542,2352.030470089972,2352.792014744678,2347
2026-07-05 23:00:00+00:00,2353.2122515212714,2354.2655745836278,2351.965117192276,2352.7303181668244,3265
2026-07-06 00:00:00+00:00,2352.8659205059594,2353.5338682515417,2351.8027587971324,2352.677770784364,3874
2026-07-06 01:00:00+00:00,2353.1402448216063,2353.8079311379993,2351.125348652062,2352.7156480369995,2511
2026-07-06 02:00:00+00:00,2352.4481937829014,2354.0266937812453,2350.9832633672668,2352.587021493073,2996
2026-07-06 03:00:00+00:00,2353.142978242923,2354.2284223313013,2351.301616663751,2352.646578286747,1499
2026-07-06 04:00:00+00:00,2352.4535757762596,2353.574972727777,2351.4626634212545,2352.8288286026095,4090
2026-07-06 05:00:00+00:00,2352.4056857204214,2353.504425346892,2350.7160169122926,2352.7687341723877,3640
2026-07-06 06:00:00+00:00,2352.9228642208145,2354.6895312943707,2351.436014449825,2352.813263838689,3847
2026-07-06 07:00:00+00:00,2352.573660698124,2353.6588943166716,2350.890640696604,2352.4624301644935,3505
2026-07-06 08:00:00+00:00,2352.183844519587,2354.509237955596,2350.7402374915796,2352.4743106987994,4933
2026-07-06 09:00:00+00:00,2353.013656968091,2353.947942141243,2352.0903641718146,2352.4530018496284,4459
2026-07-06 10:00:00+00:00,2353.0069726265187,2353.2277764698842,2351.9788790826756,2352.3696210047115,4148
2026-07-06 11:00:00+00:00,2352.7663181071143,2354.084301131065,2350.8610859452892,2352.537819202415,2008
2026-07-06 12:00:00+00:00,2352.5031950850016,2354.336976917938,2351.460459727259,2352.534903580651,800
2026-07-06 13:00:00+00:00,2352.3049917944195,2353.9532315993883,2351.107923488123,2352.504232664953,503
2026-07-06 14:00:00+00:00,2352.805247059065,2353.8479632702024,2351.3267680676104,2352.4682958279395,4008
2026-07-06 15:00:00+00:00,2352.5545041393507,2354.12951183038,2350.9170635690357,2352.2226879060963,4545
2026-07-06 16:00:00+00:00,2352.3810824165434,2353.972900794816,2350.5177861860598,2352.08743341619,3423
2026-07-06 17:00:00+00:00,2351.6380183731358,2352.886327216626,2346.2004499131585,2347.114195919683,3745
2026-07-06 18:00:00+00:00,2347.107722694698,2353.952637679333,2345.3356751016922,2351.9750785783995,904
2026-07-06 19:00:00+00:00,2352.26374475024,2352.7882142771728,2351.110465469537,2351.892213190204,3044
2026-07-06 20:00:00+00:00,2352.0822672323698,2353.864408978237,2350.2625533393457,2351.838796055247,3224
2026-07-06 21:00:00+00:00,2351.7925759977784,2352.652298634323,2350.953372528303,2352.077871143618,1204
2026-07-06 22:00:00+00:00,2351.784523267449,2353.0982158070606,2350.401915602603,2352.1158382102326,3878
2026-07-06 23:00:00+00:00,2351.534972686203,2353.1088448649234,2350.5665156609475,2351.9986251821147,2008
2026-07-07 00:00:00+00:00,2351.7187902023056,2352.997869276684,2350.732946517511,2352.1750627921488,1387
2026-07-07 01:00:00+00:00,2352.762291792724,2354.056761207728,2351.1921759833494,2352.0877126048917,3631
2026-07-07 02:00:00+00:00,2351.852381951989,2354.25112628956,2350.9328628811745,2352.2150657388465,2457
2026-07-07 03:00:00+00:00,2352.3234970798558,2353.2667902515946,2351.4935887431475,2352.0188405667527,2912
2026-07-07 04:00:00+00:00,2352.733053424959,2354.5723167761143,2351.103245887035,2352.147050663796,2941
2026-07-07 05:00:00+00:00,2351.440001332669,2353.0811221051863,2350.5710459491256,2352.1484023616,3301
2026-07-07 06:00:00+00:00,2352.1452752226264,2353.433901734363,2351.3333852757664,2352.0455868431814,2359
2026-07-07 07:00:00+00:00,2352.1379319042303,2353.0774096864934,2351.289411934049,2352.023772273241,4165
2026-07-07 08:00:00+00:00,2351.895573247224,2353.980725600209,2349.9977485268637,2352.046077227055,4442
2026-07-07 09:00:00+00:00,2351.8101381150223,2353.1103953548864,2350.7532766363543,2351.976843094095,2676
2026-07-07 10:00:00+00:00,2352.0180177871,2352.554666075774,2350.692056962853,2351.9900875675844,1260
2026-07-07 11:00:00+00:00,2352.345928102074,2352.9179060789406,2350.553126724902,2351.926569312068,1755
2026-07-07 12:00:00+00:00,2351.7340099731996,2353.445504823791,2350.4216602060606,2352.0221510770516,3971
2026-07-07 13:00:00+00:00,2352.0356834774157,2353.4335205796087,2350.734151037833,2352.035827241317,1654
2026-07-07 14:00:00+00:00,2352.362259129142,2353.2640020675854,2350.931321917649,2352.0119810524443,4001
2026-07-07 15:00:00+00:00,2351.8842720149732,2353.722971211838,2350.528898078552,2351.9300785591545,3479
2026-07-07 16:00:00+00:00,2351.652136072123,2353.3886048541626,2350.294401531033,2351.924129674776,2516
2026-07-07 17:00:00+00:00,2352.3890254906914,2353.179067014949,2351.1661884591717,2351.991497164611,1069
2026-07-07 18:00:00+00:00,2351.596526413118,2352.9976415988945,2350.7090386183404,2352.1868030090636,2927
2026-07-07 19:00:00+00:00,2351.975472365243,2352.878427586239,2350.9774835429885,2352.3148902206385,3617
2026-07-07 20:00:00+00:00,2352.2682122928927,2354.443892575119,2351.2789148121624,2352.4508553913643,1191
2026-07-07 21:00:00+00:00,2352.6323396780354,2354.002556544142,2351.3103201215768,2352.815199290047,4212
2026-07-07 22:00:00+00:00,2352.8214087471256,2353.6754160463574,2351.92416710337,2352.815096594509,1378
2026-07-07 23:00:00+00:00,2352.8201732704943,2354.060029340647,2351.3425731887705,2352.8483433502165,2356
2026-07-08 00:00:00+00:00,2352.899448428194,2354.5957833780485,2352.1698679298224,2352.963647707488,2892
2026-07-08 01:00:00+00:00,2353.242131091073,2355.0960752323354,2351.910771311823,2352.773121933159,3825
2026-07-08 02:00:00+00:00,2353.0455766001105,2354.921434599356,2351.9189248415864,2352.7111656514844,1511
2026-07-08 03:00:00+00:00,2353.0606922876827,2354.412818964137,2351.3389196678127,2352.620925320019,2011
2026-07-08 04:00:00+00:00,2352.42082156471,2353.9091636127137,2351.8557036943434,2352.718753254825,4129
2026-07-08 05:00:00+00:00,2353.0696332979296,2354.6741434746373,2351.2358099862113,2352.680974458555,1983
2026-07-08 06:00:00+00:00,2351.941565904411,2353.757764873784,2350.2879864816045,2352.70766012013,3272
2026-07-08 07:00:00+00:00,2352.8850223686713,2353.9608378194994,2352.032621092759,2352.8522911850278,2290
2026-07-08 08:00:00+00:00,2352.722425097337,2353.373663283079,2352.5287356002887,2353.0017749196654,754
2026-07-08 09:00:00+00:00,2352.570452678538,2353.852027177674,2350.0761032726446,2351.1313408039086,2815
2026-07-08 10:00:00+00:00,2350.981703654707,2353.5920413924405,2350.4979708301353,2352.9062965483236,2110
2026-07-08 11:00:00+00:00,2352.887447325687,2353.9607625346466,2352.439427400296,2353.0054031291434,1692
2026-07-08 12:00:00+00:00,2353.118280199228,2354.5121120416593,2351.5456962044377,2353.1280304099355,4362
2026-07-08 13:00:00+00:00,2352.508038631079,2354.2792119379646,2351.3826324150414,2352.916266870538,3984
2026-07-08 14:00:00+00:00,2353.4708058502033,2355.039694019176,2351.5164096761287,2352.864669543767,1748
2026-07-08 15:00:00+00:00,2352.5771379298467,2353.6464823852134,2351.888631662528,2352.8839752043377,2857
2026-07-08 16:00:00+00:00,2352.6084738800155,2354.753396914021,2351.098792791718,2352.9383626617587,3738
2026-07-08 17:00:00+00:00,2352.8416366442775,2354.475321362034,2351.574551461228,2353.0532940918742,739
2026-07-08 18:00:00+00:00,2353.02235727418,2354.3639902848167,2351.974474874387,2353.111549468839,922
2026-07-08 19:00:00+00:00,2352.8930226295656,2354.165019604518,2351.8680066494767,2353.1891025181894,2929
2026-07-08 20:00:00+00:00,2353.095162724894,2354.3638674222693,2335.5750293485803,2336.758789842932,4687
2026-07-08 21:00:00+00:00,2336.16257689264,2354.351028643093,2334.7250821590337,2353.0731190604306,4673
2026-07-08 22:00:00+00:00,2353.414585978446,2355.2523414012553,2351.2429934468555,2352.776014955227,2522
2026-07-08 23:00:00+00:00,2352.363322749336,2353.708903391841,2351.200214973282,2352.731344178475,3668
2026-07-09 00:00:00+00:00,2352.4869507202234,2353.452659971236,2351.745257941156,2352.700313518127,2712
2026-07-09 01:00:00+00:00,2353.0228018732946,2354.023540100597,2350.3405407996306,2352.4959583596956,4571
2026-07-09 02:00:00+00:00,2352.0656320899934,2353.2069200908495,2350.9571081792324,2352.4550127453595,3064
2026-07-09 03:00:00+00:00,2352.499604260698,2353.637834475346,2351.3761329796894,2352.472056713283,4510
2026-07-09 04:00:00+00:00,2352.388331183939,2353.518514960569,2351.4949860803385,2352.4847796844447,2135
2026-07-09 05:00:00+00:00,2352.6153302858393,2353.5614887812753,2350.9733248337616,2352.4668746484463,4689
2026-07-09 06:00:00+00:00,2352.7734105894933,2354.302000470776,2350.621263034657,2352.5418808132035,3763
2026-07-09 07:00:00+00:00,2352.4170560212874,2353.9500104617373,2351.087891834657,2352.480174588938,3954
2026-07-09 08:00:00+00:00,2352.3930394668637,2353.1003518074217,2351.7645137624672,2352.2794644093115,565
2026-07-09 09:00:00+00:00,2352.796815454058,2353.7128561775485,2351.413323595142,2352.217736965321,4128
2026-07-09 10:00:00+00:00,2351.9842429831856,2353.1593273891867,2350.632542444065,2352.3201256039374,1229
2026-07-09 11:00:00+00:00,2352.0301705365314,2353.745775588442,2350.8770625053303,2352.5336067444105,4712
2026-07-09 12:00:00+00:00,2353.0400981920075,2354.324260016866,2351.1046599782926,2352.6142942483034,1349
2026-07-09 13:00:00+00:00,2352.736264984034,2353.3276677823205,2351.346694815665,2352.41229267163,4216
2026-07-09 14:00:00+00:00,2352.158874816933,2354.660197173277,2350.787732544001,2352.4421547134575,3359
2026-07-09 15:00:00+00:00,2352.1547654467004,2353.763463496868,2350.8077285462477,2352.4811219259464,2266
2026-07-09 16:00:00+00:00,2351.723013321095,2354.7349770767783,2350.0042973184727,2352.4841257254425,4507
2026-07-09 17:00:00+00:00,2352.2685824363944,2354.0468517419454,2350.9547700746016,2352.5717405293526,2246
2026-07-09 18:00:00+00:00,2352.7092409194447,2353.8829331207176,2351.155473591621,2352.4589660269885,786
2026-07-09 19:00:00+00:00,2352.561961089213,2354.2289263980947,2351.7117730579716,2352.4604371613364,840
2026-07-09 20:00:00+00:00,2352.2210724777688,2353.279360254171,2351.333110928431,2352.5249327227075,4336
2026-07-09 21:00:00+00:00,2352.9112552575743,2353.64718663491,2351.7568059058817,2352.591716180398,2230
2026-07-09 22:00:00+00:00,2352.609150132638,2353.8810905969663,2351.2645647628106,2352.5038456805023,4187
2026-07-09 23:00:00+00:00,2352.4621978509444,2353.0874654839927,2351.9576380155722,2352.5102507266265,590
2026-07-10 00:00:00+00:00,2352.4247195858206,2353.792241134108,2350.661964312614,2352.1974470465725,844
2026-07-10 01:00:00+00:00,2352.0822220854916,2353.7533640749184,2350.1221373261415,2351.5690377832666,4946
2026-07-10 02:00:00+00:00,2351.75004175858,2352.471360945453,2350.8582914112385,2351.4934303640994,1144
2026-07-10 03:00:00+00:00,2351.717667451272,2352.7221855117264,2350.6407059025714,2351.3608217237856,3594
2026-07-10 04:00:00+00:00,2350.7740739760106,2352.6731511671333,2349.563926219774,2351.3743461148624,2075
2026-07-10 05:00:00+00:00,2351.172852234735,2353.05181321928,2350.218662625789,2351.358187499698,2750
2026-07-10 06:00:00+00:00,2351.707550389211,2352.468516613475,2350.2222514756754,2351.1099896204155,1016
2026-07-10 07:00:00+00:00,2350.875000445261,2352.125962230695,2350.240292893533,2351.0925203491515,1700
2026-07-10 08:00:00+00:00,2351.277683209245,2352.6060308532574,2350.0753455330832,2351.002671454717,3912
2026-07-10 09:00:00+00:00,2350.74264337991,2351.7380417856425,2349.4167698050887,2351.0514619666915,2910
2026-07-10 10:00:00+00:00,2350.634250592686,2352.5950062252195,2349.2804639905144,2350.9070635116063,2768
2026-07-10 11:00:00+00:00,2350.3518412273743,2352.854994026203,2347.9894256862735,2350.882489598475,4751
2026-07-10 12:00:00+00:00,2351.0250123197156,2351.911422729193,2349.530773118076,2350.88172577568,2348
2026-07-10 13:00:00+00:00,2350.825599321755,2351.903743817819,2349.3863118790123,2350.949238875878,4116
2026-07-10 14:00:00+00:00,2350.2023650213273,2351.7976635617865,2349.535788205199,2350.9881923123403,3762
2026-07-10 15:00:00+00:00,2350.5980070640576,2351.971648273789,2349.712415586442,2350.9197037419426,2573
2026-07-10 16:00:00+00:00,2350.937985012904,2352.0163924453514,2348.996735425073,2350.7560790910343,1818
2026-07-10 17:00:00+00:00,2350.4592977712036,2352.5368715775417,2349.0989762706745,2350.5889355126096,2093
2026-07-10 18:00:00+00:00,2350.5021399013403,2351.831224815276,2348.95130144666,2350.4787372987403,4421
2026-07-10 19:00:00+00:00,2350.076559924336,2351.4687282083546,2349.0024938893753,2350.477136278075,1876
2026-07-10 20:00:00+00:00,2350.913310029211,2351.252778975891,2349.62516801455,2350.4132598866368,3442
2026-07-10 21:00:00+00:00,2350.8294886358885,2351.7094307029015,2349.7108409266725,2350.5021872001516,1060
2026-07-10 22:00:00+00:00,2350.5315111300306,2364.150830138882,2349.696131265355,2363.3391738019504,2059
2026-07-10 23:00:00+00:00,2363.1922465487532,2364.903974461275,2348.4044141004024,2350.364591482468,4705
2026-07-11 00:00:00+00:00,2350.6407660099494,2351.566969454546,2349.483125881715,2350.3680602121153,2929
2026-07-11 01:00:00+00:00,2350.5723908878654,2352.14631642211,2349.8402496042595,2350.4258142402214,4201
2026-07-11 02:00:00+00:00,2350.4901567619104,2351.294860041265,2348.539164686541,2350.3931240326356,1667
2026-07-11 03:00:00+00:00,2350.261407730212,2351.3118070417827,2349.2781245673746,2350.6105935646033,3925
2026-07-11 04:00:00+00:00,2350.5802016544003,2351.1818329572925,2349.51095430237,2350.526208168115,4932
2026-07-11 05:00:00+00:00,2350.8343042229412,2351.903662286314,2349.5722261460005,2350.473588264406,4663
2026-07-11 06:00:00+00:00,2350.3228557538187,2350.969039969004,2349.7845319506328,2350.5270777144797,2460
2026-07-11 07:00:00+00:00,2350.798293574682,2351.598026034957,2349.7635400498193,2350.555485903686,3568
2026-07-11 08:00:00+00:00,2350.928898203436,2351.8569077218644,2349.5329463765456,2350.3227481061904,4535
2026-07-11 09:00:00+00:00,2350.343126153719,2351.4646362275344,2348.7293944161274,2350.145247268496,4161
2026-07-11 10:00:00+00:00,2350.136470070107,2351.6129123801156,2348.9210144470153,2350.0610515344774,4901
2026-07-11 11:00:00+00:00,2350.2525446419204,2351.3996658878877,2348.885134737345,2349.9154094443593,640
2026-07-11 12:00:00+00:00,2349.281023724421,2351.0114017466217,2348.907982190717,2349.745151483479,2911
2026-07-11 13:00:00+00:00,2350.0348376117445,2350.2713663080194,2348.7093776838005,2349.6361060769755,4062
2026-07-11 14:00:00+00:00,2349.605355766266,2350.768942861171,2348.436039047034,2349.5220103827082,3784
2026-07-11 15:00:00+00:00,2349.317997234256,2350.8598041937125,2347.937634229227,2349.5452843152425,1191
2026-07-11 16:00:00+00:00,2349.233673428819,2350.299885033316,2348.322478407356,2349.6639732747667,3075
2026-07-11 17:00:00+00:00,2349.6094278123796,2350.7496130489944,2348.456541712095,2349.5705740711746,1244
2026-07-11 18:00:00+00:00,2350.2944976922054,2351.8644276689524,2348.0420876927515,2349.534784139441,912
2026-07-11 19:00:00+00:00,2349.6860121914165,2350.3007068283096,2348.929789944948,2349.326183682738,1001
2026-07-11 20:00:00+00:00,2349.33221089017,2350.4196020396166,2348.052735422321,2349.231617402992,4785
2026-07-11 21:00:00+00:00,2349.582624693612,2350.1071317608607,2348.220108824964,2349.30905849962,1724
2026-07-11 22:00:00+00:00,2349.8358807962645,2351.0734531430166,2348.437267293032,2349.3999514269863,2554
2026-07-11 23:00:00+00:00,2349.2489103652174,2350.4648435576364,2347.8895149753407,2349.309284039307,1653
2026-07-12 00:00:00+00:00,2349.46153609649,2350.8080822656384,2348.641013483907,2349.4232152321965,4523
2026-07-12 01:00:00+00:00,2349.1490064252926,2350.2491622028556,2348.328164741566,2349.2268159165455,4500
2026-07-12 02:00:00+00:00,2349.29911600547,2351.032092938531,2347.2715904134807,2349.0944673459394,3450
2026-07-12 03:00:00+00:00,2348.7000268470224,2349.831046626002,2347.9070318883096,2349.1860244410686,4228
2026-07-12 04:00:00+00:00,2349.1144990399116,2350.1884519567084,2348.0138069501822,2349.402852692031,973
2026-07-12 05:00:00+00:00,2349.0039659579934,2351.07264780215,2346.981221278881,2349.461844663376,4999
2026-07-12 06:00:00+00:00,2349.2878431948866,2350.6877139036064,2347.7672759351253,2349.469833572269,2376
2026-07-12 07:00:00+00:00,2349.4102394969223,2350.4194370920186,2336.211590183049,2338.0037149712293,2302
2026-07-12 08:00:00+00:00,2338.039330897889,2350.5854178938075,2336.5042502148717,2349.008989953398,1381
2026-07-12 09:00:00+00:00,2348.386828729951,2350.3500141122704,2347.127718553661,2348.985320837415,4446
2026-07-12 10:00:00+00:00,2349.439979719899,2350.8998865122294,2346.7092034553875,2348.973876750156,1264
2026-07-12 11:00:00+00:00,2349.254930706968,2349.989652190194,2347.422377092218,2348.875374214565,4360
2026-07-12 12:00:00+00:00,2348.6374879466057,2349.7077682104637,2347.553563776365,2348.8619341541153,3717
2026-07-12 13:00:00+00:00,2348.803896645227,2350.120240638522,2348.2417291198963,2348.931481758481,3974
2026-07-12 14:00:00+00:00,2349.537462339121,2351.157302934624,2347.704396712364,2349.069698919779,635
2026-07-12 15:00:00+00:00,2349.464215801216,2350.7351646939164,2347.496194673065,2349.110369668911,3823
2026-07-12 16:00:00+00:00,2349.856161303289,2351.149380833114,2348.2853267820556,2349.2584775477867,4847
2026-07-12 17:00:00+00:00,2349.4102952539347,2350.3235104620376,2348.283962810654,2349.254006177377,2274
2026-07-12 18:00:00+00:00,2349.5538726992195,2350.7786016868636,2348.305136681153,2349.2349307573245,2524
2026-07-12 19:00:00+00:00,2349.177483598068,2350.902219794476,2347.751869077121,2349.3724114845822,1004
2026-07-12 20:00:00+00:00,2349.6771815454163,2350.423791555313,2348.352532988405,2349.2900282358532,2703
2026-07-12 21:00:00+00:00,2348.7487075090194,2351.188542279699,2347.174259053876,2349.6322947856916,3530
2026-07-12 22:00:00+00:00,2349.7790231954605,2350.681966561821,2348.4252643301575,2349.654539592493,1847
2026-07-12 23:00:00+00:00,2349.230064795851,2351.321351366693,2347.8387690299824,2349.720849779393,3836
2026-07-13 00:00:00+00:00,2349.9195354013355,2350.5185086326933,2348.73566784628,2349.80689006493,885
2026-07-13 01:00:00+00:00,2350.1400928144767,2350.912738287573,2348.868299413912,2350.048512930181,3533
2026-07-13 02:00:00+00:00,2349.474514472561,2351.118052312963,2348.730758912557,2350.1622512922445,3147
2026-07-13 03:00:00+00:00,2350.407630491064,2351.674840756954,2347.9119375117257,2349.96287137151,1533
2026-07-13 04:00:00+00:00,2350.153371322387,2351.246263206199,2349.337283689045,2350.108063088504,2051
2026-07-13 05:00:00+00:00,2350.488090735073,2351.7474945794324,2349.3610687694872,2350.0454506632045,1579
2026-07-13 06:00:00+00:00,2350.0638561490555,2350.6806669619477,2349.0795270903127,2350.017422690734,3308
2026-07-13 07:00:00+00:00,2350.148148423809,2350.7519443966,2348.9401665664823,2349.869835929361,3365
2026-07-13 08:00:00+00:00,2349.7294284926493,2351.0515502222406,2348.8076304719666,2349.9308939519556,3000
2026-07-13 09:00:00+00:00,2349.7956949189283,2351.283053467645,2348.628105288729,2349.841729344534,1373
2026-07-13 10:00:00+00:00,2350.2686501421213,2352.179288975527,2347.9204423348415,2349.779859230485,1476
2026-07-13 11:00:00+00:00,2350.248744085507,2351.270960322158,2348.464010466467,2349.714584413099,4148
2026-07-13 12:00:00+00:00,2350.1342926096563,2351.2522723045054,2349.0884982547354,2349.9736069655924,2577
2026-07-13 13:00:00+00:00,2350.5277250354948,2350.927059213071,2349.7635590114783,2350.194862551609,2460
2026-07-13 14:00:00+00:00,2350.2382474377187,2351.80383245493,2348.5857239303414,2350.209458923976,1886
2026-07-13 15:00:00+00:00,2350.374530555163,2351.533031246419,2349.013394162261,2350.1823691135905,4685
2026-07-13 16:00:00+00:00,2349.9287021179625,2351.487725554512,2348.539842882109,2350.1735235946876,1578
2026-07-13 17:00:00+00:00,2350.563074091546,2351.8258930320717,2348.8820650560524,2350.3026436581663,3959
2026-07-13 18:00:00+00:00,2350.124212594095,2351.2796428428683,2349.7267924867506,2350.4421489584074,3963
2026-07-13 19:00:00+00:00,2350.5642191899174,2351.5719814206623,2348.9838936156125,2350.449732980247,1595
2026-07-13 20:00:00+00:00,2350.2609936649646,2352.2233214234266,2349.8658650398506,2350.6050751264015,553
2026-07-13 21:00:00+00:00,2350.221279330975,2351.731755381109,2348.862854779206,2350.5328150944315,1624
2026-07-13 22:00:00+00:00,2351.1331835104843,2351.755297619648,2349.0164429424,2350.513453985676,1709
2026-07-13 23:00:00+00:00,2350.7951911153277,2351.7912631581876,2348.633183257379,2350.3155580666066,3852
2026-07-14 00:00:00+00:00,2350.5565129126608,2351.408030732916,2349.284641198129,2350.412808364233,2889
2026-07-14 01:00:00+00:00,2350.907354430778,2351.3648825429277,2350.1167550282316,2350.6430817935784,2436
2026-07-14 02:00:00+00:00,2350.5198354467757,2352.1393993412053,2349.2990466057736,2350.7197477346895,2642
2026-07-14 03:00:00+00:00,2350.7380000498406,2352.2879179842275,2349.9588392373294,2350.931843166063,4786
2026-07-14 04:00:00+00:00,2351.2533184235895,2351.917575168826,2349.8496206400387,2350.8274556624274,4730
2026-07-14 05:00:00+00:00,2350.8048339140264,2352.1268987768417,2349.7637035229886,2350.9133043035968,615
2026-07-14 06:00:00+00:00,2351.3719317544096,2352.702714412146,2349.3154500127403,2350.8023936767663,4296
2026-07-14 07:00:00+00:00,2350.590794828954,2351.946585108755,2348.983582147601,2350.819694771152,2125
2026-07-14 08:00:00+00:00,2350.733766887567,2351.7017309813737,2350.080310338069,2350.921293134002,3882
2026-07-14 09:00:00+00:00,2351.2777957954445,2352.422092684218,2349.9472991987172,2350.9575856219058,4932
2026-07-14 10:00:00+00:00,2350.843318282402,2351.947984423434,2350.0425302101994,2350.769953422906,2813
2026-07-14 11:00:00+00:00,2350.442823326505,2352.029540043103,2349.1487127968244,2350.5908059496765,3308
2026-07-14 12:00:00+00:00,2350.4733509878743,2351.337426156937,2349.743484840774,2350.436558926773,2430
2026-07-14 13:00:00+00:00,2350.4549349018503,2351.7126797548285,2348.5818860663526,2350.520247068627,836
2026-07-14 14:00:00+00:00,2350.2188784251784,2351.703463531675,2349.2400365931558,2350.768920825456,664
2026-07-14 15:00:00+00:00,2350.198558237948,2352.184230237151,2349.1661535404446,2350.900255981359,2121
2026-07-14 16:00:00+00:00,2350.8652432006934,2351.5298639297025,2350.2575409496985,2350.6387312983047,4197
2026-07-14 17:00:00+00:00,2350.7635879019067,2352.342417761823,2349.437007929864,2350.773582000818,2036
2026-07-14 18:00:00+00:00,2350.8592608120175,2351.412142487988,2349.7070232756078,2350.8417594980365,2438
2026-07-14 19:00:00+00:00,2351.1056889164747,2351.6427436051454,2349.974830178396,2350.659060638559,2890
2026-07-14 20:00:00+00:00,2350.459355110483,2360.776826745838,2349.7299887801705,2359.9805498039154,1944
2026-07-14 21:00:00+00:00,2360.150919662054,2361.3818352742333,2349.30425647249,2350.781929837303,2704
2026-07-14 22:00:00+00:00,2350.5850376314643,2351.3598438035765,2350.0442529565507,2350.7914714896815,3229
2026-07-14 23:00:00+00:00,2350.1760846528673,2351.980614820468,2348.9466797541113,2350.6296110718863,4330
2026-07-15 00:00:00+00:00,2350.787166228973,2352.438313969807,2350.0513089832366,2350.698830155666,3893
2026-07-15 01:00:00+00:00,2350.4093820190774,2351.8156028773133,2349.3680224762097,2350.4947300528925,4179
2026-07-15 02:00:00+00:00,2350.6603074409195,2351.2600651719254,2349.7929562476356,2350.3815834516836,2853
2026-07-15 03:00:00+00:00,2350.4780482599913,2352.204465749801,2349.5046882394404,2350.508371323947,3643
2026-07-15 04:00:00+00:00,2350.4162264893075,2352.3329957114665,2348.972755120476,2350.5532249468292,1173
2026-07-15 05:00:00+00:00,2350.0849211300547,2350.928118832664,2349.225185567043,2350.504601899367,1164
2026-07-15 06:00:00+00:00,2350.3520995650047,2351.67867833645,2349.3919382774875,2350.625406276658,4647
2026-07-15 07:00:00+00:00,2350.6987949121217,2351.9452402496954,2349.839486196512,2350.7452411053937,3218
2026-07-15 08:00:00+00:00,2350.6661599974514,2353.0312492826474,2349.4665085219603,2350.9106944570044,1007
2026-07-15 09:00:00+00:00,2350.8595003637784,2352.127490564881,2349.4089363117287,2351.0350557866745,2335
2026-07-15 10:00:00+00:00,2351.4118620078884,2352.109489178797,2350.1082649492882,2351.1445836039748,4863
2026-07-15 11:00:00+00:00,2351.558819615305,2352.228867123441,2350.4546119002703,2351.25448409534,594
2026-07-15 12:00:00+00:00,2351.1707763692934,2351.9477258319066,2350.3654860626957,2351.252022457812,2491
2026-07-15 13:00:00+00:00,2351.8099902422573,2352.8224283451304,2350.164008746276,2351.2709727371043,4266
2026-07-15 14:00:00+00:00,2351.4268590163847,2351.7992559522054,2350.4097237858637,2351.2469700948946,4759
2026-07-15 15:00:00+00:00,2351.2740233928484,2362.2142719978287,2350.528588143756,2360.791881310326,2158
2026-07-15 16:00:00+00:00,2360.2237710870904,2361.4021068629077,2349.847863162238,2350.970874059581,4615
2026-07-15 17:00:00+00:00,2351.071140835723,2352.0237819704876,2349.692394793827,2350.9214688179322,3722
2026-07-15 18:00:00+00:00,2351.3849850293354,2351.9756712233257,2349.819918124947,2350.923650543913,2328
2026-07-15 19:00:00+00:00,2351.2878554191934,2352.760459069381,2350.3056890068724,2351.0877076871334,4007
2026-07-15 20:00:00+00:00,2351.499660812312,2351.7954807938536,2350.1479574621476,2351.055092303904,4100
2026-07-15 21:00:00+00:00,2350.907187955189,2352.445493434893,2349.1063368516693,2351.1835793954115,1737
2026-07-15 22:00:00+00:00,2351.3136967710816,2352.475843721358,2350.72549504986,2351.2843451368294,903
2026-07-15 23:00:00+00:00,2351.5582917941424,2352.774020021302,2350.506598655139,2351.2743709466818,4013
2026-07-16 00:00:00+00:00,2350.599147268127,2351.993140908941,2350.378751013045,2350.6151743824407,872
2026-07-16 01:00:00+00:00,2350.8348673230375,2351.6247974116113,2349.7037396183105,2350.571793644544,4003
2026-07-16 02:00:00+00:00,2351.0649271728876,2352.3992217564055,2349.0158741663936,2350.714834866628,2101
2026-07-16 03:00:00+00:00,2350.5248758074995,2352.481188087973,2348.872513747734,2350.8242647354414,3663
2026-07-16 04:00:00+00:00,2350.777759724568,2351.3648746915137,2350.0774924544926,2350.6896639335196,3244
2026-07-16 05:00:00+00:00,2350.414559988202,2351.7404624842447,2349.113956446292,2350.7037535467143,672
2026-07-16 06:00:00+00:00,2350.8501181526103,2351.263746126287,2350.155923758909,2350.91399499216,541
2026-07-16 07:00:00+00:00,2350.681458775076,2352.346543349475,2350.239415779811,2350.839567459331,3333
2026-07-16 08:00:00+00:00,2351.4464867875145,2352.950312432728,2349.435551464263,2350.892214923201,2818
2026-07-16 09:00:00+00:00,2351.077302676381,2352.083175632785,2349.6313699574926,2351.0076582381757,696
2026-07-16 10:00:00+00:00,2350.7518041644257,2351.2550166180645,2349.3698441405836,2350.8865721529355,4890
2026-07-16 11:00:00+00:00,2350.83453214371,2353.2999295726477,2348.1204362270314,2350.9495549360704,1573
2026-07-16 12:00:00+00:00,2351.5212028418,2353.2572215059026,2349.0987149861626,2350.7959979273173,4363
2026-07-16 13:00:00+00:00,2350.8844497356818,2351.984329918855,2349.402425210464,2350.7433131656317,1025
2026-07-16 14:00:00+00:00,2350.6035678090425,2351.677280956364,2350.171319559847,2350.8224632544093,1546
2026-07-16 15:00:00+00:00,2350.645681205168,2351.6800977841126,2349.1959249834367,2350.8232158472015,2879
2026-07-16 16:00:00+00:00,2350.7731933853443,2352.192850205216,2349.490097073028,2350.791935792549,2876
2026-07-16 17:00:00+00:00,2350.839401938435,2351.7046416468584,2349.75795464989,2350.827639201051,3216
2026-07-16 18:00:00+00:00,2351.1248943291052,2351.4479646295117,2350.352477953399,2350.853228762876,1271
2026-07-16 19:00:00+00:00,2351.2686274702737,2352.0517834688335,2350.1726489421794,2350.846858823411,1688
2026-07-16 20:00:00+00:00,2350.6416620320747,2352.1111885948394,2349.377016603163,2350.8773137782246,1684
2026-07-16 21:00:00+00:00,2350.562343216567,2352.239391915674,2349.8134556876926,2350.758329301424,2482
2026-07-16 22:00:00+00:00,2350.7331836917756,2351.9202746564206,2349.8884145417182,2350.6944277695998,4653
2026-07-16 23:00:00+00:00,2350.733782505955,2352.5583237474457,2349.7259153539303,2350.651102447815,2580
2026-07-17 00:00:00+00:00,2350.4874665008565,2351.5938248455736,2349.4274413564417,2350.4561204396814,4990
2026-07-17 01:00:00+00:00,2350.6374128360717,2351.5661095416585,2349.861985103409,2350.335054181187,1632
2026-07-17 02:00:00+00:00,2350.29205401057,2351.5594313248585,2348.953917727404,2350.5502109308104,1591
2026-07-17 03:00:00+00:00,2350.167817199117,2352.122370204522,2349.0232188376867,2350.6263407244737,954
2026-07-17 04:00:00+00:00,2350.591325968473,2352.0823435013544,2348.7766074362244,2350.4632504177216,1454
2026-07-17 05:00:00+00:00,2350.677827633775,2351.4774578085244,2349.8259726414876,2350.2250405509326,1902
2026-07-17 06:00:00+00:00,2349.9762454826855,2351.4709913700603,2347.8253175386053,2350.2270129224316,2227
2026-07-17 07:00:00+00:00,2349.8047063963504,2351.475554912627,2349.1613359915204,2350.3906956355127,3711
2026-07-17 08:00:00+00:00,2350.482893836493,2351.4389097029775,2349.484667514412,2350.3760194485903,2506
2026-07-17 09:00:00+00:00,2350.4298674567126,2352.397158438127,2349.3168792818433,2350.5573963887314,3588
2026-07-17 10:00:00+00:00,2350.4393049000405,2352.0730301472813,2349.248565714745,2350.570507378818,901
2026-07-17 11:00:00+00:00,2350.000797350887,2350.951602135286,2349.302390204594,2350.677276318414,4761
2026-07-17 12:00:00+00:00,2350.667235276648,2351.760604752217,2348.7704898024754,2350.4930041634693,1164
2026-07-17 13:00:00+00:00,2350.7246375771015,2352.2413917350227,2343.3742853575873,2344.092466233021,650
2026-07-17 14:00:00+00:00,2344.0669438192213,2351.855679503878,2343.307874464619,2350.541861950426,2411
2026-07-17 15:00:00+00:00,2350.463739878364,2351.949151869361,2348.853177350658,2350.6221764276775,3430
2026-07-17 16:00:00+00:00,2350.8506280273996,2352.1460144751295,2349.6175337520785,2350.562385246007,1559
2026-07-17 17:00:00+00:00,2350.606417431836,2351.819049678596,2341.432064606401,2342.807613042249,1233
2026-07-17 18:00:00+00:00,2343.096005673044,2352.3446554006646,2340.9537067872852,2350.6403470917344,4302
2026-07-17 19:00:00+00:00,2350.8512254237417,2351.9852444305325,2349.510969824204,2350.627786978463,4210
2026-07-17 20:00:00+00:00,2350.8118401865163,2351.8842886894467,2348.6693693518646,2350.6737084477336,3881
2026-07-17 21:00:00+00:00,2351.228833508151,2352.6420244998253,2349.5961580205526,2350.6758370568336,1493
2026-07-17 22:00:00+00:00,2350.6777342537785,2352.138663729082,2349.0962410056554,2350.5920334158523,2913
2026-07-17 23:00:00+00:00,2350.7800339873334,2352.350307049122,2349.8942988414083,2350.7401729690987,3602
2026-07-18 00:00:00+00:00,2350.989853382151,2352.465263469309,2348.7601135436303,2350.8459663107633,2446
2026-07-18 01:00:00+00:00,2350.57077772079,2351.544836045144,2348.986232248527,2350.768442334575,1305
2026-07-18 02:00:00+00:00,2351.2605853008977,2352.7452028411412,2349.1700997965654,2350.8465433789056,4239
2026-07-18 03:00:00+00:00,2350.836667721517,2352.2012542561993,2349.9841202658627,2350.7182454600857,4722
2026-07-18 04:00:00+00:00,2350.75127473865,2352.1055382360382,2348.6621753380896,2350.5579747398606,1246
2026-07-18 05:00:00+00:00,2350.7151160737017,2351.804474292777,2348.9657446873716,2350.6674888390985,3663
2026-07-18 06:00:00+00:00,2350.8335679830725,2352.684269371156,2349.3592678493847,2350.453860144168,4493
2026-07-18 07:00:00+00:00,2350.139785671217,2352.049697101111,2348.317941957176,2350.5306850140823,2935
2026-07-18 08:00:00+00:00,2350.3019862583965,2351.1791222581846,2349.1432440092462,2350.48464905887,720
2026-07-18 09:00:00+00:00,2350.2902721033165,2351.1491620962443,2349.543552886508,2350.4410482043695,3607
2026-07-18 10:00:00+00:00,2350.0930774730364,2351.87635263554,2349.2949728543185,2350.509506682218,4655
2026-07-18 11:00:00+00:00,2350.673868753058,2351.7918831639067,2349.8165053391335,2350.5994785724324,1676
2026-07-18 12:00:00+00:00,2350.501941627315,2352.5438977402864,2349.782048007264,2350.4966721297606,1124
2026-07-18 13:00:00+00:00,2350.5646397296405,2351.4155615585564,2349.6994081044,2350.5729982079138,1636
2026-07-18 14:00:00+00:00,2350.392668765025,2351.6755705678524,2349.2628399693035,2350.5901007802777,4154
2026-07-18 15:00:00+00:00,2350.8633316756654,2351.674307212128,2349.966945749999,2350.418959827447,3007
2026-07-18 16:00:00+00:00,2350.5151755456645,2351.928471762828,2349.732924842135,2350.369904087363,581
2026-07-18 17:00:00+00:00,2350.3123378131313,2351.1468764780357,2348.9864554694645,2350.5121520390076,3144
2026-07-18 18:00:00+00:00,2350.4159262122153,2351.1377006218886,2350.0593662366673,2350.6974730856973,4167
2026-07-18 19:00:00+00:00,2350.3087412220552,2351.5340182179593,2348.9827729185145,2350.7544680556157,1333
2026-07-18 20:00:00+00:00,2350.7621908583806,2351.7655640706216,2350.2086274675084,2350.7459960839874,3128
2026-07-18 21:00:00+00:00,2350.9982494042356,2351.7161009771353,2350.152853877943,2350.8231118041267,1529
2026-07-18 22:00:00+00:00,2351.029953873449,2360.3050172570806,2349.7575901596956,2359.085670251469,585
2026-07-18 23:00:00+00:00,2358.5622924019212,2359.477105582297,2350.155991333587,2350.9732508308484,2302
2026-07-19 00:00:00+00:00,2351.123496597478,2352.0269286562097,2350.1730473757493,2351.0619469506096,3983
2026-07-19 01:00:00+00:00,2351.051156084514,2351.592789347846,2349.842420650495,2351.1140762372574,3510
2026-07-19 02:00:00+00:00,2350.662186067694,2351.8265147959883,2348.9017070813743,2351.1050632873953,957
2026-07-19 03:00:00+00:00,2350.9437049253943,2351.4562443417876,2337.690458342973,2338.619032451914,1336
2026-07-19 04:00:00+00:00,2338.700082568421,2351.959299568057,2337.7642538981345,2350.736407211197,2929
2026-07-19 05:00:00+00:00,2350.9919769918265,2352.0504981975014,2349.9018909372235,2350.7778998125923,1943
2026-07-19 06:00:00+00:00,2351.2152042774396,2352.2866092497347,2349.941339083463,2350.8259456768237,1994
2026-07-19 07:00:00+00:00,2350.671156587682,2352.262388375394,2349.8479265288884,2350.837500093687,2462
2026-07-19 08:00:00+00:00,2350.87547387684,2352.1030199612346,2349.9184387763985,2350.685638014987,3916
2026-07-19 09:00:00+00:00,2350.408218205074,2351.5181316536678,2350.0564102378594,2350.7927805678364,3090
2026-07-19 10:00:00+00:00,2350.6439082323086,2351.6275783916803,2350.340176998535,2351.035500332286,4339
2026-07-19 11:00:00+00:00,2351.262872864896,2352.477979290237,2350.0244314695015,2351.05866941038,959
2026-07-19 12:00:00+00:00,2350.447363380489,2351.659140637459,2349.418423283702,2351.033692845053,2589
2026-07-19 13:00:00+00:00,2351.219604995694,2352.842732158343,2350.1772028275573,2351.0677889728013,2976
2026-07-19 14:00:00+00:00,2350.884856208405,2352.6267239105605,2349.6945649296854,2351.271146577809,3910
2026-07-19 15:00:00+00:00,2351.8251029212774,2352.927540583076,2350.1854228577813,2351.0897002636943,2819
2026-07-19 16:00:00+00:00,2351.4876540651694,2352.5871401179984,2349.7774643847365,2351.137654240732,4624
2026-07-19 17:00:00+00:00,2351.401680597788,2352.9272396243186,2349.6645519370245,2351.0170704768634,4270
2026-07-19 18:00:00+00:00,2351.1835376518925,2352.772086119377,2350.5691054629956,2350.940041714237,3601
2026-07-19 19:00:00+00:00,2351.032854998586,2351.712779409089,2350.408771370069,2350.899429820959,2288
2026-07-19 20:00:00+00:00,2350.9401565823623,2351.6796449446906,2348.914570121417,2350.0248261829624,1948
2026-07-19 21:00:00+00:00,2350.442928449699,2351.5002902850647,2349.3735702139334,2351.11685541613,2900
2026-07-19 22:00:00+00:00,2351.140121860104,2352.6375911662662,2350.3814721576655,2351.1523930436315,2584
2026-07-19 23:00:00+00:00,2350.996592474602,2351.863135684933,2349.575017688575,2351.116650951819,631
2026-07-20 00:00:00+00:00,2350.6063269231613,2351.726753788589,2349.2922618575053,2351.42709307629,1534
2026-07-20 01:00:00+00:00,2351.2427730958802,2351.991259775796,2350.386129185407,2351.383807779688,4258
2026-07-20 02:00:00+00:00,2351.643764295941,2352.701328367007,2350.594572587972,2351.321236489738,2562
2026-07-20 03:00:00+00:00,2351.222850863546,2351.901380464075,2349.810471522979,2351.147687529512,4773
2026-07-20 04:00:00+00:00,2351.4132080935055,2352.6166652809375,2350.419300202666,2351.2885286735955,1606
2026-07-20 05:00:00+00:00,2351.6326700680693,2352.72340003371,2349.567354853193,2351.4033447730253,4855
2026-07-20 06:00:00+00:00,2351.794834142874,2352.371822593902,2351.1493128038483,2351.721798682872,4132
2026-07-20 07:00:00+00:00,2351.681964311311,2352.557122754596,2350.297001766021,2351.5866693758394,2113
2026-07-20 08:00:00+00:00,2351.0179258592734,2352.8003425907937,2349.9905498210187,2351.7261057815035,3244
2026-07-20 09:00:00+00:00,2351.4085431232934,2353.4317884084667,2350.2538252610066,2351.726713157666,4947
2026-07-20 10:00:00+00:00,2351.4243248510465,2353.796605404982,2350.528791950907,2351.8573982110784,3349
2026-07-20 11:00:00+00:00,2351.869173833263,2353.2169546716214,2350.6718110461998,2351.6723669317757,4692
2026-07-20 12:00:00+00:00,2351.8053922474114,2352.1667932931623,2351.3092071237347,2351.8534183262823,996
2026-07-20 13:00:00+00:00,2352.210540514232,2364.4823745269377,2351.1392894585642,2363.5093707714027,1236
2026-07-20 14:00:00+00:00,2363.5579164683472,2364.8215126905006,2350.761677929938,2351.9280939917894,506
2026-07-20 15:00:00+00:00,2351.7000461374946,2352.806879454299,2350.9143526756307,2352.012712990886,1963
2026-07-20 16:00:00+00:00,2352.141508910614,2353.5834670709614,2350.934501673164,2351.9145442016365,4051
2026-07-20 17:00:00+00:00,2351.260197457217,2352.23719814104,2350.6968912675725,2351.8439469258406,4837
2026-07-20 18:00:00+00:00,2351.9166300225,2353.720154791157,2350.536812197144,2351.7902985398587,2940
2026-07-20 19:00:00+00:00,2352.363048724853,2354.0089648791327,2350.482946859934,2351.5510194082435,2401
2026-07-20 20:00:00+00:00,2351.228666623245,2352.5952354758315,2350.5476805506387,2351.6677336618945,4691
2026-07-20 21:00:00+00:00,2351.3673909345534,2352.621463191509,2350.613953109125,2351.883581011807,3147
2026-07-20 22:00:00+00:00,2351.5469551776378,2352.3423820875632,2350.6544364561487,2351.7549950478524,2917
2026-07-20 23:00:00+00:00,2351.9351283394362,2352.848664307048,2351.1054367568076,2351.8048797228703,882
2026-07-21 00:00:00+00:00,2351.6321926833257,2353.307043359665,2350.2936819605643,2351.754010113699,1466
2026-07-21 01:00:00+00:00,2352.1144409289977,2353.3761582664542,2349.758204243284,2351.807838053587,3639
2026-07-21 02:00:00+00:00,2351.7296731973497,2353.3018853962863,2350.654086142306,2351.7336927214747,3643
2026-07-21 03:00:00+00:00,2351.4438245809965,2352.106437784831,2350.345207687553,2351.6467280720954,2731
2026-07-21 04:00:00+00:00,2352.2673596286313,2353.58718089365,2350.2303559968827,2351.802364722831,3654
2026-07-21 05:00:00+00:00,2351.864864232886,2352.8005139262095,2350.550562363258,2351.7995107805605,3610
2026-07-21 06:00:00+00:00,2352.06191899557,2353.392283569649,2350.9315669786038,2352.070465161873,794
2026-07-21 07:00:00+00:00,2351.592578804351,2352.7867168914513,2350.089372614215,2352.0174149103036,4257
2026-07-21 08:00:00+00:00,2352.2441359053014,2352.7673118839816,2350.331160737431,2351.946046852909,3621
2026-07-21 09:00:00+00:00,2351.9222021815485,2353.17015672566,2351.484123545882,2352.102656311879,1487
2026-07-21 10:00:00+00:00,2351.5264991051426,2353.0033959806883,2350.2332790767223,2352.20529841547,1456
2026-07-21 11:00:00+00:00,2351.9614914040394,2353.54515460196,2350.716078961831,2352.2620262654928,4811
2026-07-21 12:00:00+00:00,2352.3766300277043,2353.9212806379696,2351.248082406921,2352.3841290999167,1645
2026-07-21 13:00:00+00:00,2352.6109764530424,2353.1644195604704,2351.450231526678,2352.309442002009,645
2026-07-21 14:00:00+00:00,2352.2012571639707,2353.5935402067385,2351.3300636914337,2352.2937456576974,641
2026-07-21 15:00:00+00:00,2352.0454713835907,2353.4849577152213,2350.862143830463,2352.280248392619,1527
2026-07-21 16:00:00+00:00,2352.598304663384,2353.3128320174274,2351.673161511083,2352.1524716872127,3323
2026-07-21 17:00:00+00:00,2352.225098413777,2352.8293874969295,2350.690169313651,2352.0767103613107,2553
2026-07-21 18:00:00+00:00,2352.125759445136,2353.5626290036935,2351.4729862200647,2352.261421373049,3792
2026-07-21 19:00:00+00:00,2352.3522850479776,2354.0661980480945,2350.74381475528,2352.2901089932534,1544
2026-07-21 20:00:00+00:00,2352.444047890831,2353.0610929261748,2351.883097930703,2352.1234870873836,1537
2026-07-21 21:00:00+00:00,2352.5081374519677,2353.4392170058504,2350.607108672436,2351.900008477124,2319
2026-07-21 22:00:00+00:00,2351.9745613101763,2353.0387950226273,2350.834522482844,2352.112357820883,4066
2026-07-21 23:00:00+00:00,2352.1238023741353,2352.93477137543,2351.056743696574,2352.041166843377,2763
2026-07-22 00:00:00+00:00,2352.4119908158755,2353.3670470940283,2350.828499913411,2351.979687468974,3929
2026-07-22 01:00:00+00:00,2351.62697146645,2353.278926212851,2350.6094665272717,2351.9095058112994,921
2026-07-22 02:00:00+00:00,2351.951919982967,2353.270509286623,2350.8711896410987,2351.733565328597,2343
2026-07-22 03:00:00+00:00,2351.8016924766102,2352.4171968017718,2350.842102948203,2351.901357525605,2468
2026-07-22 04:00:00+00:00,2351.6323272254995,2353.3524619095956,2350.7062337380894,2351.883429626777,807
2026-07-22 05:00:00+00:00,2351.9475637563387,2352.540048577121,2351.3311817993977,2352.0430514308805,1913
2026-07-22 06:00:00+00:00,2352.0279563820986,2353.2568262387526,2350.499748442108,2352.031896172585,1760
2026-07-22 07:00:00+00:00,2351.73754632116,2353.798114009742,2351.0155219130784,2352.1907749421343,2550
2026-07-22 08:00:00+00:00,2352.0551886503567,2352.759870741192,2349.4776820232923,2350.086744480855,1244
2026-07-22 09:00:00+00:00,2350.267391112282,2352.9927676820344,2349.4013309832953,2352.369195695012,1713
2026-07-22 10:00:00+00:00,2352.369160580274,2354.636480037046,2350.8705908525226,2352.445846111005,4814
2026-07-22 11:00:00+00:00,2352.14209613484,2353.6045974951735,2351.3323753442733,2352.514729878456,1143
2026-07-22 12:00:00+00:00,2352.655807220236,2353.5621975699833,2352.0227270562095,2352.5173025884533,4179
2026-07-22 13:00:00+00:00,2352.4843910189447,2353.3954527331503,2350.9835298021367,2352.49907235754,2942
2026-07-22 14:00:00+00:00,2352.737248831242,2353.463806503439,2351.063889726927,2352.6849291278363,852
2026-07-22 15:00:00+00:00,2352.621522912714,2353.4107199558184,2351.8343599616924,2352.5948916012712,2303
2026-07-22 16:00:00+00:00,2352.237837699446,2353.4393189956577,2350.8898942499277,2352.5986240581647,2810
2026-07-22 17:00:00+00:00,2352.7539027062494,2354.0994101077235,2351.551223399774,2352.660084158179,1747
2026-07-22 18:00:00+00:00,2352.219161457633,2354.512119271001,2350.929727013447,2352.680873659737,1700
2026-07-22 19:00:00+00:00,2353.1888201865168,2354.0948101596314,2351.562681367855,2352.626770389954,3704
2026-07-22 20:00:00+00:00,2352.587072936406,2353.454044930942,2351.5191085808706,2352.709497139147,644
2026-07-22 21:00:00+00:00,2352.2975188816504,2354.2967400916173,2351.0271106544287,2352.7190207699305,4677
2026-07-22 22:00:00+00:00,2352.6963358634966,2353.908328190038,2352.1028936336656,2352.511781166548,1950
2026-07-22 23:00:00+00:00,2352.584618709877,2354.0809868962933,2351.7055023551034,2352.5185266266085,2217
2026-07-23 00:00:00+00:00,2352.3692058830406,2353.303374911444,2351.796779789205,2352.3865087705553,1074
2026-07-23 01:00:00+00:00,2352.1278865773743,2353.256237670329,2351.7131066812663,2352.1854313757462,4464
2026-07-23 02:00:00+00:00,2351.8811815862523,2353.373067675121,2350.2438768097345,2352.184389163329,1502
2026-07-23 03:00:00+00:00,2352.076582418736,2353.342951647223,2350.4819381277325,2352.240702154304,4116
2026-07-23 04:00:00+00:00,2352.632464002167,2353.6977133433593,2336.4989130042327,2337.4209580656457,1969
2026-07-23 05:00:00+00:00,2337.649195504564,2369.945318984263,2336.273553473078,2368.1097691628634,642
2026-07-23 06:00:00+00:00,2368.3281117263255,2369.606581879618,2350.8188905288007,2352.1147330154363,2340
2026-07-23 07:00:00+00:00,2352.144191616477,2352.720627473468,2351.3754648113622,2351.9457254987715,2854
2026-07-23 08:00:00+00:00,2351.4659544657366,2353.2002288323533,2350.0868824288996,2352.1421717989247,2607
2026-07-23 09:00:00+00:00,2352.5203869838183,2354.4456038147055,2350.9862218076382,2352.041220044286,4941
2026-07-23 10:00:00+00:00,2351.61163226089,2353.9398659279886,2349.72585682327,2352.1236340939727,2840
2026-07-23 11:00:00+00:00,2352.26913295688,2353.0345856896784,2351.1816659073415,2352.0230512019302,4005
2026-07-23 12:00:00+00:00,2352.398673708308,2354.1456379562183,2350.8773975922336,2352.0255969194714,2165
2026-07-23 13:00:00+00:00,2351.7168617251054,2352.7632743123945,2349.9586562059326,2351.912089680129,1151
2026-07-23 14:00:00+00:00,2351.4007219989235,2353.2577061423603,2350.3073758789615,2351.953839365489,2742
2026-07-23 15:00:00+00:00,2351.6763044831973,2352.3790618140656,2351.2470314431043,2351.9568069759084,3019
2026-07-23 16:00:00+00:00,2352.290327973563,2353.3235508658013,2351.5647121551883,2351.9337227233777,2380
2026-07-23 17:00:00+00:00,2352.077797181603,2353.5929637372997,2351.171093410439,2351.791714484244,3949
2026-07-23 18:00:00+00:00,2350.9533642669244,2352.3573279620573,2350.3479513938055,2351.839852729426,4839
2026-07-23 19:00:00+00:00,2351.7304603106863,2352.2848673630606,2351.2633698660675,2351.6808685684696,863
2026-07-23 20:00:00+00:00,2351.9274053956497,2353.1538484140115,2350.417147094902,2351.7383649825456,804
2026-07-23 21:00:00+00:00,2351.4004657244877,2353.1990387565384,2350.431180200773,2352.0500082840763,1732
2026-07-23 22:00:00+00:00,2352.168830777407,2352.926289457286,2350.5775216642232,2352.23385510523,3136
2026-07-23 23:00:00+00:00,2352.171561227281,2353.7818666475087,2349.9375406981367,2352.1680511347454,691
2026-07-24 00:00:00+00:00,2352.520631885537,2353.3259146496434,2351.443201965377,2352.257100486223,1371
2026-07-24 01:00:00+00:00,2352.4170107717177,2353.255750537431,2350.5823272060447,2351.9899014451985,2340
2026-07-24 02:00:00+00:00,2352.001532844305,2352.8527071732965,2350.176779117466,2351.8179301403416,2189
2026-07-24 03:00:00+00:00,2351.9682288111458,2353.686617730903,2350.6472034246194,2351.940638783807,4309
2026-07-24 04:00:00+00:00,2351.8910264216142,2353.2427264720836,2350.0888224368273,2351.8561233545843,2959
2026-07-24 05:00:00+00:00,2351.7417072569274,2351.862781320328,2350.986190842216,2351.7605688986832,4425
2026-07-24 06:00:00+00:00,2351.970908408565,2353.567499427335,2350.5053407250452,2351.8000560053515,3919
2026-07-24 07:00:00+00:00,2351.5674855934512,2352.879643297337,2350.615076271877,2351.6291675894113,2363
2026-07-24 08:00:00+00:00,2351.7709233798514,2352.587971999341,2350.4991436403143,2351.4870461707333,4899
2026-07-24 09:00:00+00:00,2351.9111163113957,2353.357787042961,2350.0584705174006,2351.452790456412,4296
2026-07-24 10:00:00+00:00,2351.0228766602327,2353.200656270497,2349.269448404743,2351.3334718883416,2721
2026-07-24 11:00:00+00:00,2350.6510526732145,2352.2470550984312,2349.328105061737,2351.2480851456016,4327
2026-07-24 12:00:00+00:00,2351.112775901538,2352.344930625171,2350.4212497368762,2351.096207938092,1656
2026-07-24 13:00:00+00:00,2350.923995133069,2352.786604491555,2349.514208844637,2351.164811816672,1436
2026-07-24 14:00:00+00:00,2351.487433037352,2353.1406602803563,2350.432860417077,2351.184529420369,4062
2026-07-24 15:00:00+00:00,2351.7912011858893,2353.5302698797473,2349.2624376177455,2351.1517648267627,4050
2026-07-24 16:00:00+00:00,2351.140364867561,2351.9752489735765,2350.1702660812043,2351.22989353086,1497
2026-07-24 17:00:00+00:00,2351.3966735735416,2353.332086925537,2350.05758987856,2351.2384718202,3892
2026-07-24 18:00:00+00:00,2350.791823251797,2352.147235368274,2349.5809450729053,2351.2009825304845,2785
2026-07-24 19:00:00+00:00,2351.2825054728896,2352.000802820205,2350.4013794432462,2351.24291256844,3013
2026-07-24 20:00:00+00:00,2350.798677830058,2352.9287659886527,2350.098201912559,2351.2662028995737,4310
2026-07-24 21:00:00+00:00,2351.564900885488,2352.5646594681616,2350.2081603346323,2351.2645788476175,1220
2026-07-24 22:00:00+00:00,2350.943202041859,2352.7852290883147,2350.0933848927234,2351.271422570449,2317
2026-07-24 23:00:00+00:00,2350.969374177652,2351.7459133681305,2349.688154504381,2351.152290646596,1804
2026-07-25 00:00:00+00:00,2350.8589914288145,2352.0425647209004,2349.3187036533395,2351.0521735991733,3006
2026-07-25 01:00:00+00:00,2351.711509867244,2352.2632996151706,2350.133234097861,2351.129879290489,1210
2026-07-25 02:00:00+00:00,2351.480516094982,2352.1748309080454,2350.705538789841,2351.1700616847165,1037
2026-07-25 03:00:00+00:00,2350.5928553250073,2351.731824725174,2349.8502495842126,2351.239854776229,3632
2026-07-25 04:00:00+00:00,2351.5422856343084,2353.046344956795,2350.1043644558345,2351.240097737793,751
2026-07-25 05:00:00+00:00,2351.028613953712,2352.545931963102,2349.61968907491,2351.271825013043,2377
2026-07-25 06:00:00+00:00,2351.2274626077096,2352.1787382085326,2337.3411475630223,2338.3493522855874,4938
2026-07-25 07:00:00+00:00,2338.7191680114033,2352.026075810761,2337.5396070218976,2351.4160978019777,4995
2026-07-25 08:00:00+00:00,2351.293867730675,2353.007250561665,2350.813389692006,2351.573518817452,1305
2026-07-25 09:00:00+00:00,2352.190379759385,2353.430038621359,2350.7401617004957,2351.5896093365795,4671
2026-07-25 10:00:00+00:00,2351.671018022041,2353.0780504648515,2350.833016331592,2351.7584885639812,2009
2026-07-25 11:00:00+00:00,2351.586604622428,2353.249345707416,2350.3816808086267,2351.7623905904015,1393
2026-07-25 12:00:00+00:00,2351.315304613428,2353.0920125027083,2349.002830590579,2351.825043925842,2771
2026-07-25 13:00:00+00:00,2351.944700231266,2353.0869302042697,2349.9000535318232,2351.860726355607,2697
2026-07-25 14:00:00+00:00,2351.2030607847805,2352.876665762983,2350.196856174132,2351.891305241313,2185
2026-07-25 15:00:00+00:00,2351.936098796956,2352.987450067952,2350.8340752099834,2351.8007432292425,2422
2026-07-25 16:00:00+00:00,2351.406675775787,2353.3020841467464,2350.4919741737153,2351.8841345169917,938
2026-07-25 17:00:00+00:00,2352.444503340459,2354.142621479087,2350.5269449500674,2352.220210466638,1686
2026-07-25 18:00:00+00:00,2352.229239552421,2354.171470702382,2350.502046679011,2352.139185589272,1386
2026-07-25 19:00:00+00:00,2351.9681005867283,2353.394736654571,2350.6025261702985,2352.134792186569,4694
2026-07-25 20:00:00+00:00,2352.111549022206,2353.6491977658516,2351.6290750933103,2352.104113156197,2720
2026-07-25 21:00:00+00:00,2351.821713629507,2352.355411408441,2350.60128635294,2352.011342410571,2957
2026-07-25 22:00:00+00:00,2352.3955922375253,2353.6163470674765,2351.1739102194783,2352.191937460157,2474
2026-07-25 23:00:00+00:00,2351.834344412371,2354.21292875768,2350.120230968397,2352.09068708981,4480
2026-07-26 00:00:00+00:00,2351.8339201130925,2352.7456267226526,2350.808871467242,2352.0365811937413,4091
2026-07-26 01:00:00+00:00,2352.1295581461213,2352.66945312877,2350.025412749595,2351.836366225367,3602
2026-07-26 02:00:00+00:00,2351.907624249416,2352.8882425750326,2351.0080011338678,2351.782387660046,1903
2026-07-26 03:00:00+00:00,2351.7573975007767,2353.0036379709077,2350.2651865045527,2351.5900442517463,1887
2026-07-26 04:00:00+00:00,2351.819553095659,2353.8182047792698,2350.1999396800734,2351.6330657365074,4731
2026-07-26 05:00:00+00:00,2351.96283048275,2352.90435080113,2350.8661120581046,2351.9858101034183,4685
2026-07-26 06:00:00+00:00,2351.7254966513474,2352.7015822874173,2350.387680295966,2351.9224423517735,1772
2026-07-26 07:00:00+00:00,2352.2167507812155,2354.19331221687,2350.708740045857,2351.7080064905304,2014
2026-07-26 08:00:00+00:00,2351.348306480046,2355.5915020526563,2349.5158516469314,2353.4450169200168,1990
2026-07-26 09:00:00+00:00,2353.4546281731105,2354.254480360822,2351.006905322352,2351.7243272451997,4028
2026-07-26 10:00:00+00:00,2351.6907729668483,2352.536709505944,2349.7990867681665,2351.9025702722743,4771
2026-07-26 11:00:00+00:00,2351.8270743598046,2353.053127350987,2350.4845417583715,2351.8493640350016,4494
2026-07-26 12:00:00+00:00,2351.7061792052405,2353.274772865469,2350.8520379562215,2351.758072488497,4282
2026-07-26 13:00:00+00:00,2351.725821288728,2352.6372395096346,2350.5179051855407,2351.7203083094687,2067
2026-07-26 14:00:00+00:00,2351.9107258662225,2353.2102887493293,2350.5988487291343,2351.797100552072,1926
2026-07-26 15:00:00+00:00,2351.1517384508384,2353.219325734258,2350.3189487305617,2351.79728986527,4500
2026-07-26 16:00:00+00:00,2351.881464548789,2353.5454686103385,2350.3537769955465,2351.753402808275,2278
2026-07-26 17:00:00+00:00,2351.84988335032,2352.994492698442,2350.34026497073,2351.772291614768,1469
2026-07-26 18:00:00+00:00,2351.585957656507,2352.626715753257,2349.952791577018,2351.6763600977256,4290
2026-07-26 19:00:00+00:00,2351.68167278628,2352.6577111754204,2350.3739863953792,2351.6982359642025,2658
2026-07-26 20:00:00+00:00,2351.716424991122,2352.441532265275,2350.0869711614782,2351.485589251124,887
2026-07-26 21:00:00+00:00,2350.9318210127026,2351.907699577832,2349.7208153465367,2351.4028896686846,4532
2026-07-26 22:00:00+00:00,2351.522928901937,2353.2616539356923,2350.451503137959,2351.4745757455503,1826
2026-07-26 23:00:00+00:00,2351.657451449974,2352.678802991429,2349.9166937805912,2351.4951894767455,1890
2026-07-27 00:00:00+00:00,2352.119753285766,2353.3896891232866,2350.4755043076793,2351.5395990736506,2892
2026-07-27 01:00:00+00:00,2351.6389328003856,2352.6050242587694,2349.9721815317653,2351.505496411102,1716
2026-07-27 02:00:00+00:00,2351.9659392084814,2352.74258052946,2350.857111824406,2351.6422588433575,4230
2026-07-27 03:00:00+00:00,2351.4071178253816,2352.80273744642,2350.5960745828343,2351.7228047865096,3612
2026-07-27 04:00:00+00:00,2351.767595391505,2353.2005991032033,2351.1993734827424,2351.797394880998,3040
2026-07-27 05:00:00+00:00,2351.5557780847307,2352.843930785062,2350.7030675631477,2351.8857565358403,1400
2026-07-27 06:00:00+00:00,2351.7086692535377,2353.0229401201887,2350.776887519984,2352.046046586621,2704
2026-07-27 07:00:00+00:00,2351.737477042086,2353.7380724011887,2350.747747424991,2351.982026353745,1725
2026-07-27 08:00:00+00:00,2351.5159641685177,2353.731163135587,2350.38360690589,2351.8225589253902,4829
2026-07-27 09:00:00+00:00,2352.0671898757737,2353.155316142188,2349.775660547375,2351.8406188508798,4067
2026-07-27 10:00:00+00:00,2351.787220566616,2352.776621428451,2350.2712962544697,2351.9488018525326,1023
2026-07-27 11:00:00+00:00,2352.199137487817,2354.229310680836,2350.657375780801,2352.107646008489,2876
2026-07-27 12:00:00+00:00,2353.040159593044,2354.620556242696,2351.03738187568,2352.002710352252,4010
2026-07-27 13:00:00+00:00,2351.543700533484,2352.1799956809514,2350.2995861568265,2351.8602685614196,2854
2026-07-27 14:00:00+00:00,2352.0063952354208,2352.844838067054,2351.131031390499,2351.92072326532,1071
2026-07-27 15:00:00+00:00,2352.1607384664767,2353.1297015579385,2350.9350246031127,2351.8841474505066,1129
2026-07-27 16:00:00+00:00,2351.6294870474608,2352.9973079032266,2350.605465650273,2351.694414938825,3797
2026-07-27 17:00:00+00:00,2351.950278932681,2353.1667291962617,2351.180450768332,2351.759657786772,2858
2026-07-27 18:00:00+00:00,2352.003382662265,2353.069898961665,2349.8366866830534,2351.5397530129353,2943
2026-07-27 19:00:00+00:00,2351.30416010433,2370.260917457181,2349.5058117128146,2368.0795590116177,1714
2026-07-27 20:00:00+00:00,2367.711198768857,2368.813055113183,2351.1546857792655,2351.503029200406,1690
2026-07-27 21:00:00+00:00,2351.1036950469834,2352.8346948822905,2349.9095629804656,2351.739208710833,2332
2026-07-27 22:00:00+00:00,2351.6073511214877,2352.5397613247906,2350.095858208994,2351.6236520389098,2945
2026-07-27 23:00:00+00:00,2351.6878882425103,2353.3448432438317,2350.609831457198,2351.6118542997074,2609
2026-07-28 00:00:00+00:00,2351.4135310401616,2352.019555014314,2350.8491352048654,2351.577168677421,4457
2026-07-28 01:00:00+00:00,2351.54491181316,2352.229354886707,2350.1561902199883,2351.798454716401,1350
2026-07-28 02:00:00+00:00,2352.061206650492,2352.6214817801115,2350.865082896344,2351.764698323074,2624
2026-07-28 03:00:00+00:00,2351.5767630157657,2352.3766286619602,2350.29458553733,2351.6660138511706,1558
2026-07-28 04:00:00+00:00,2352.020434241926,2353.0681474435096,2350.9907352427226,2351.8516633053014,529
2026-07-28 05:00:00+00:00,2351.5491926575555,2352.2879304589524,2350.1152684458743,2351.8135346669333,2366
2026-07-28 06:00:00+00:00,2352.27927627973,2352.9611070151345,2350.5293795219063,2351.892679757388,754
2026-07-28 07:00:00+00:00,2352.257524439682,2352.970847835727,2350.920152646792,2351.6691185551895,2174
2026-07-28 08:00:00+00:00,2351.437885673093,2352.493085645694,2350.5213543646546,2351.6404281731466,3346
2026-07-28 09:00:00+00:00,2351.610025354196,2352.1152317144524,2350.38315991787,2351.433093916791,2191
2026-07-28 10:00:00+00:00,2351.2109969900575,2353.643842602922,2349.861221058819,2351.3027400529627,3550
2026-07-28 11:00:00+00:00,2352.0044559516373,2353.0113483175132,2350.091603646967,2351.389357429945,1827
2026-07-28 12:00:00+00:00,2351.595803971225,2352.815859615494,2350.4163169398144,2351.372293479184,2307
2026-07-28 13:00:00+00:00,2351.0291364000045,2352.5531766481754,2350.2333729464153,2351.3330081332588,4438
2026-07-28 14:00:00+00:00,2351.224882776056,2351.9660468350826,2350.994308453785,2351.2542195435053,1592
2026-07-28 15:00:00+00:00,2351.5297774034148,2352.275311551161,2349.490720935403,2351.2201301456453,2754
2026-07-28 16:00:00+00:00,2351.1281578788353,2352.414533340975,2350.479791113817,2351.2460225024874,3721
2026-07-28 17:00:00+00:00,2351.621265299021,2353.1095916074005,2349.7368966904,2351.3662812982197,2129
2026-07-28 18:00:00+00:00,2351.288457788677,2352.4726126080195,2343.9740583137086,2345.1295948543698,1868
2026-07-28 19:00:00+00:00,2345.245997821319,2352.264326332146,2344.5996489642407,2350.91535533525,3639
2026-07-28 20:00:00+00:00,2351.4569666553202,2352.763382758934,2350.014861664662,2350.934432806884,833
2026-07-28 21:00:00+00:00,2351.3565194802186,2353.119700289455,2349.666520959485,2350.923561571134,1694
2026-07-28 22:00:00+00:00,2350.9094499733574,2352.755832520659,2349.3199250113657,2350.995985077927,2343
2026-07-28 23:00:00+00:00,2351.037452220073,2351.955874193991,2350.80952004686,2350.9792695240108,1478
2026-07-29 00:00:00+00:00,2350.9897712508564,2351.569094759114,2349.7321221827247,2350.8933395337053,2926
2026-07-29 01:00:00+00:00,2351.5396348557674,2352.8109613932493,2348.929711638306,2350.8369622463197,3287
2026-07-29 02:00:00+00:00,2351.0957462120223,2352.075789736634,2349.7297744667676,2350.8073241461734,4845
2026-07-29 03:00:00+00:00,2351.237468086156,2352.676793615303,2349.9605373908576,2350.949427651732,3207
2026-07-29 04:00:00+00:00,2350.928419634948,2352.2047873635756,2350.343949813013,2350.8500335229037,3164
2026-07-29 05:00:00+00:00,2350.848950340657,2351.3742599320776,2349.918432814618,2350.8591055579827,3766
2026-07-29 06:00:00+00:00,2350.9620320105582,2352.438266232196,2349.9538001357373,2350.9044225947373,1437
2026-07-29 07:00:00+00:00,2350.6429684938466,2351.788687385004,2349.427489189796,2351.103764263671,2616
2026-07-29 08:00:00+00:00,2350.8566576509284,2352.0774914910935,2343.730776924085,2345.7110811880466,4244
2026-07-29 09:00:00+00:00,2345.828156627145,2350.1531864571134,2344.6477221282485,2348.98621294307,1290
2026-07-29 10:00:00+00:00,2348.867109639381,2352.265694666298,2348.081062537714,2351.290639558846,1811
2026-07-29 11:00:00+00:00,2350.835674531325,2352.159820144252,2350.128348674822,2351.3135322637027,1489
2026-07-29 12:00:00+00:00,2351.2078973606863,2353.135485042758,2349.4812960236736,2351.304359946513,4816
2026-07-29 13:00:00+00:00,2351.385129813541,2352.6075789749375,2350.5019114468637,2351.242882445183,2093
2026-07-29 14:00:00+00:00,2350.9712318755273,2352.683848737436,2349.6462790052133,2351.2290285289155,1963
2026-07-29 15:00:00+00:00,2350.9050652599176,2352.2448215654827,2349.9142916079377,2351.353050554884,4168
2026-07-29 16:00:00+00:00,2351.1922377091983,2352.7701355086087,2349.728408997884,2351.4003321338846,4592
2026-07-29 17:00:00+00:00,2351.4676095957248,2352.3043662328705,2350.1884022641552,2351.4066641508794,522
2026-07-29 18:00:00+00:00,2351.8484714465235,2352.2204363492265,2350.4765977252564,2351.2659759650205,4455
2026-07-29 19:00:00+00:00,2351.598732237741,2352.997153817201,2350.4981561996233,2351.168558957014,3682
2026-07-29 20:00:00+00:00,2350.996962711733,2352.037279561465,2350.4642079820055,2351.427207827773,4387
2026-07-29 21:00:00+00:00,2351.827006338325,2353.2964208874478,2350.359749155318,2351.377935550687,890
2026-07-29 22:00:00+00:00,2351.490649346861,2353.167135360766,2349.3351429081163,2351.2953283183433,677
2026-07-29 23:00:00+00:00,2351.1497787248345,2352.284091543914,2350.5481869943383,2351.4815267590593,2011
2026-07-30 00:00:00+00:00,2352.1607533274537,2353.580978520356,2350.628630257513,2351.5175428573098,4324
2026-07-30 01:00:00+00:00,2351.0546169463523,2351.987172393205,2335.4432576412214,2336.9649887060127,2743
2026-07-30 02:00:00+00:00,2337.0979141494086,2352.3132923923467,2336.100018731336,2351.569377773937,3745
2026-07-30 03:00:00+00:00,2351.2843625261244,2353.030915393674,2350.058720853149,2351.5680939764607,1602
2026-07-30 04:00:00+00:00,2351.3975885349523,2352.591808197577,2350.23398700026,2351.525226307168,2004
2026-07-30 05:00:00+00:00,2351.5006245129794,2352.917726136504,2350.1080994840618,2351.3446147076634,4450
2026-07-30 06:00:00+00:00,2351.353472383758,2352.7064197509344,2349.332834300422,2351.334338056371,2705
2026-07-30 07:00:00+00:00,2351.4103470735195,2352.3662890016076,2350.467822622844,2351.391835876309,4008
2026-07-30 08:00:00+00:00,2351.382041613883,2353.1196465757316,2349.960303403359,2351.576457135118,3379
2026-07-30 09:00:00+00:00,2351.771228881789,2353.6461038154785,2350.070255673288,2351.5540196041743,1290
2026-07-30 10:00:00+00:00,2351.4591861738204,2352.545700822358,2350.3216488632393,2351.2229751464156,4745
2026-07-30 11:00:00+00:00,2351.26877299267,2352.5297014351595,2350.44054120429,2351.2125142751124,4757
2026-07-30 12:00:00+00:00,2351.2021876417984,2352.7198005515215,2350.635077707611,2351.5132971256558,4010
2026-07-30 13:00:00+00:00,2351.6820626842277,2352.274727995834,2350.3865645077144,2351.6076473211033,2612
2026-07-30 14:00:00+00:00,2351.3091387827744,2352.81944796872,2350.397801906984,2351.5268751025937,2428
2026-07-30 15:00:00+00:00,2351.9362178580877,2353.208329098987,2350.0644114975285,2351.581769316306,1839
2026-07-30 16:00:00+00:00,2352.031535539674,2353.3666969237647,2350.2617889285484,2351.4985097558874,3404
2026-07-30 17:00:00+00:00,2351.395649443877,2352.1415935548243,2350.117018986285,2351.328569405848,1895
2026-07-30 18:00:00+00:00,2351.5035692948554,2352.7263963312794,2350.643537446714,2351.3035679401373,1336
2026-07-30 19:00:00+00:00,2350.675960178389,2352.2325739805356,2348.679371913498,2351.3264293145294,773
2026-07-30 20:00:00+00:00,2351.6707613347085,2352.839833447331,2349.1295767112506,2351.0844723118335,2407
2026-07-30 21:00:00+00:00,2351.3844744231847,2353.6373040268154,2349.7981564928027,2350.9423569031337,4169
2026-07-30 22:00:00+00:00,2351.1169013487975,2351.602097729661,2350.269502837812,2350.9696907556586,4060
2026-07-30 23:00:00+00:00,2350.981213180969,2351.668144859937,2349.5472514071907,2350.930544396296,4322
2026-07-31 00:00:00+00:00,2350.681428739083,2352.5030645367824,2349.6535361288493,2350.94299769739,3229
2026-07-31 01:00:00+00:00,2350.65385201771,2352.5732686235347,2349.1825856479986,2350.8136279496425,4404
2026-07-31 02:00:00+00:00,2351.2541562787464,2352.065936208423,2350.2129043459026,2350.872206333908,4024
2026-07-31 03:00:00+00:00,2350.839866593302,2352.6209831940605,2349.53085106788,2350.7654680690093,4130
2026-07-31 04:00:00+00:00,2351.12940554739,2351.8053416763673,2350.4770980262783,2350.988198656238,2794
2026-07-31 05:00:00+00:00,2350.8363266675356,2352.3756535374237,2349.878314011075,2350.7895547990106,884
2026-07-31 06:00:00+00:00,2350.760870344261,2351.7350577148127,2349.263955819046,2350.6623791076504,2210
2026-07-31 07:00:00+00:00,2351.262281245281,2353.246437035029,2349.0766871970304,2350.396359411193,4312
2026-07-31 08:00:00+00:00,2350.7881371837825,2352.149152925511,2349.447940408367,2350.6130305001575,3841
2026-07-31 09:00:00+00:00,2350.578398404193,2351.418317256168,2349.7770246246864,2350.641566210255,556
2026-07-31 10:00:00+00:00,2351.148336708851,2353.2757699025406,2349.66879459781,2350.7149984074426,921
2026-07-31 11:00:00+00:00,2350.3498852974335,2352.2906161017722,2349.4389990561867,2350.738901194806,3463
2026-07-31 12:00:00+00:00,2350.298553144111,2351.1038190489467,2349.759932701527,2350.6016882167246,4903
2026-07-31 13:00:00+00:00,2351.201336562021,2352.2262115791386,2349.6090354633066,2350.527466796436,3791
2026-07-31 14:00:00+00:00,2350.4520181090534,2351.1660056196356,2349.3790429493597,2350.3521784930203,4767
2026-07-31 15:00:00+00:00,2350.7777690866396,2351.5575268804305,2348.509323958166,2350.1721214782337,798
2026-07-31 16:00:00+00:00,2350.314752881692,2351.2776586800196,2349.055639632453,2350.174621465766,4461
2026-07-31 17:00:00+00:00,2350.1887373501127,2350.9988153435406,2348.1056946097447,2350.0580858276408,1077
2026-07-31 18:00:00+00:00,2349.4793004089474,2351.467044850803,2348.0434387579676,2350.141655172,4479
2026-07-31 19:00:00+00:00,2349.9291440665056,2351.298484679449,2349.083022755334,2350.0210696653203,4884
2026-07-31 20:00:00+00:00,2349.6926265488373,2350.7245213414235,2347.9024949389395,2350.015983515518,2799
2026-07-31 21:00:00+00:00,2350.330659899681,2352.497671932329,2348.637782922948,2349.975462974032,2896
2026-07-31 22:00:00+00:00,2349.714664135237,2350.7999812905805,2348.225737549183,2350.179809496818,2740
2026-07-31 23:00:00+00:00,2349.931454299569,2350.975026376369,2348.791837276893,2350.2072355147693,2989
2026-08-01 00:00:00+00:00,2350.5930609200336,2350.802760764482,2349.0928281801885,2350.3580656476947,4190
2026-08-01 01:00:00+00:00,2350.57798571003,2352.238567480077,2349.6934304956208,2350.2171907154534,1766
2026-08-01 02:00:00+00:00,2350.496554762811,2351.7627951510885,2349.25211262176,2350.230596320482,1774
2026-08-01 03:00:00+00:00,2350.152385312514,2351.343884437005,2348.367326547303,2350.0862768682723,4858
2026-08-01 04:00:00+00:00,2350.4528183704147,2351.592360160895,2349.628755447535,2350.0416351145905,4324
2026-08-01 05:00:00+00:00,2350.0578397469367,2350.9211973542665,2348.4589112807466,2349.9711525348066,2931
2026-08-01 06:00:00+00:00,2349.8195458109612,2351.0809139907733,2349.2533023950136,2349.8976210039364,1403
2026-08-01 07:00:00+00:00,2349.6315703631276,2351.1106737881373,2348.7600451153994,2349.77737347776,4799
2026-08-01 08:00:00+00:00,2350.0340658912764,2350.5376869313627,2348.642830193653,2349.5881719023796,4455
2026-08-01 09:00:00+00:00,2349.8591961914894,2350.195277947103,2348.1895982676715,2349.278979063959,1977
2026-08-01 10:00:00+00:00,2349.5207165428515,2350.736868087031,2347.4252644634926,2349.098316912275,2934
2026-08-01 11:00:00+00:00,2349.5023158935664,2350.9538212452667,2348.018589420888,2349.1669558415238,2387
2026-08-01 12:00:00+00:00,2349.150190025655,2351.5027033575507,2348.312164803818,2350.8539205892093,4294
2026-08-01 13:00:00+00:00,2350.4255955463145,2351.5552619046225,2347.922284619304,2348.7576459424663,3592
2026-08-01 14:00:00+00:00,2349.0037957040804,2349.517157720187,2347.8823727337794,2348.983879239922,2719
2026-08-01 15:00:00+00:00,2349.2625239739596,2350.204366727207,2348.358747639355,2348.8962504543933,4855
2026-08-01 16:00:00+00:00,2348.83704859432,2350.20655003065,2347.635504014326,2348.907882576527,3237
2026-08-01 17:00:00+00:00,2348.989831278689,2349.9263023335066,2347.969509784393,2348.971096323966,2678
2026-08-01 18:00:00+00:00,2349.177776682992,2350.4113260865524,2348.683172971376,2349.0773820730133,4670
2026-08-01 19:00:00+00:00,2348.9481366268,2349.426975672051,2348.0521867732864,2348.9097777889338,2524
2026-08-01 20:00:00+00:00,2348.9762220632374,2349.420161386089,2348.5776249265436,2348.8787999758088,2381
2026-08-01 21:00:00+00:00,2349.4912616111037,2350.6325912167003,2347.5162630722007,2348.700090328928,2248
2026-08-01 22:00:00+00:00,2348.8814465181085,2349.7816252535945,2338.283500417401,2340.0823286203317,1491
2026-08-01 23:00:00+00:00,2340.456076208537,2363.5050325359257,2339.1908950764932,2362.5284471988048,1756
2026-08-02 00:00:00+00:00,2362.155249850144,2363.8000206629713,2347.1959335307715,2348.6519921259214,909
2026-08-02 01:00:00+00:00,2348.6292776061878,2350.5335572768713,2347.1706952299896,2348.5153741106283,3776
2026-08-02 02:00:00+00:00,2349.1700073062143,2349.5356632580997,2347.738183602999,2348.3466613118203,3154
2026-08-02 03:00:00+00:00,2348.119069258414,2349.7611144357084,2347.180244674533,2348.489461744625,4696
2026-08-02 04:00:00+00:00,2348.4869727143387,2349.466018467419,2335.317290833901,2335.977510592959,3249
2026-08-02 05:00:00+00:00,2335.86191721333,2349.4945896782383,2334.4625687738103,2348.74960758542,861
2026-08-02 06:00:00+00:00,2348.727272736202,2349.1327124490426,2347.111317819438,2348.5182278107814,3293
2026-08-02 07:00:00+00:00,2348.977976002219,2349.7859798150525,2346.9738218349244,2348.2795543935217,1288
2026-08-02 08:00:00+00:00,2348.394663523267,2349.212788751037,2347.2729933006995,2348.1740705331654,667
2026-08-02 09:00:00+00:00,2347.9821560610094,2349.432282840928,2346.8640482930036,2348.120705456747,3481
2026-08-02 10:00:00+00:00,2348.035226623972,2349.348586772605,2345.9735504067335,2348.0681836224408,623
2026-08-02 11:00:00+00:00,2348.3299542267155,2349.5854913404382,2347.0023912011693,2348.0689663263,2340
2026-08-02 12:00:00+00:00,2348.4837794020987,2349.3485079286925,2346.701640523925,2348.0797324538767,4529
2026-08-02 13:00:00+00:00,2348.330948280403,2348.6049929928795,2347.3030536583597,2348.091159018286,1652
2026-08-02 14:00:00+00:00,2347.513820627137,2348.5868405013375,2346.701074403312,2348.078896677308,3629
2026-08-02 15:00:00+00:00,2348.2402317893784,2349.69291323718,2346.6279496932334,2347.8986644444954,2194
2026-08-02 16:00:00+00:00,2347.506456568649,2349.2374902890124,2346.2576783151967,2348.006789193756,1009
2026-08-02 17:00:00+00:00,2348.0861748957745,2349.7680359038754,2346.8054969706914,2348.0069132924104,1386
2026-08-02 18:00:00+00:00,2348.4171089437355,2349.2533972844876,2347.4104348455057,2348.08370631213,835
2026-08-02 19:00:00+00:00,2348.3215178516516,2348.9893353942684,2347.6235431721116,2348.1639375012587,1179
2026-08-02 20:00:00+00:00,2348.34225032693,2350.045763173624,2346.3036147328835,2347.9678954444457,1228
2026-08-02 21:00:00+00:00,2348.21971556324,2349.673400331067,2346.3379525076957,2347.817444409572,4474
2026-08-02 22:00:00+00:00,2347.6207397706,2348.7651410964063,2346.763068252524,2347.7450902185674,4131
2026-08-02 23:00:00+00:00,2347.275197327757,2348.4109476303806,2346.169289121123,2347.575359341226,2090
2026-08-03 00:00:00+00:00,2347.578161913974,2348.9915520261625,2345.6966278103027,2347.65589975138,3753
2026-08-03 01:00:00+00:00,2348.0432605345745,2349.6010497883644,2345.9526131723233,2347.67647727094,1419
2026-08-03 02:00:00+00:00,2347.6930955752373,2349.7930723607037,2346.5948949967647,2347.840717099405,3373
2026-08-03 03:00:00+00:00,2347.9371874806952,2349.214551878903,2347.0962016542153,2347.8545430395416,1410
2026-08-03 04:00:00+00:00,2348.2591748927616,2349.0154360911233,2345.8509855017,2347.9196867169835,3383
2026-08-03 05:00:00+00:00,2347.9590132811395,2349.321076767877,2346.3447204382583,2348.062821922137,2109
2026-08-03 06:00:00+00:00,2348.0020904698,2349.2015411580555,2347.430296900995,2348.0901408427453,4364
2026-08-03 07:00:00+00:00,2347.8829406078708,2349.4961607360456,2346.7503011916333,2348.081381103758,4257
2026-08-03 08:00:00+00:00,2347.945768534849,2349.3268314358193,2346.546430890948,2348.23899499681,2000
2026-08-03 09:00:00+00:00,2348.9776606203227,2350.7343967631996,2346.1669191681713,2348.2209512427385,685
2026-08-03 10:00:00+00:00,2348.6129991281773,2349.9927121686856,2346.4615723149636,2348.1868010416415,1950
2026-08-03 11:00:00+00:00,2347.807672368704,2349.378550751652,2346.588010364119,2348.055564361821,1768
2026-08-03 12:00:00+00:00,2348.0599543535204,2349.307247934235,2346.5169074429677,2348.0854182616877,2414
2026-08-03 13:00:00+00:00,2348.2283726606556,2348.8897136949367,2347.4160398047907,2348.2243724149375,3084
2026-08-03 14:00:00+00:00,2348.3027222458013,2349.5516161041955,2347.1306654426776,2348.173230521855,4953
2026-08-03 15:00:00+00:00,2348.5162887478723,2349.0705450689807,2346.970270097532,2348.311376375007,782
2026-08-03 16:00:00+00:00,2348.3503625620074,2349.6212226493317,2346.7315447274295,2347.9875203119514,2997
2026-08-03 17:00:00+00:00,2347.610791190931,2349.1672375573485,2345.5584691422937,2347.959085505174,1272
2026-08-03 18:00:00+00:00,2347.5590209211045,2349.0462254446807,2346.652751318735,2348.0042981932606,2961
2026-08-03 19:00:00+00:00,2348.2017605866763,2348.686838728708,2346.8750140802467,2347.9184691577516,3365
2026-08-03 20:00:00+00:00,2347.759458364563,2349.353913149395,2347.036161781139,2348.210666757534,4143
2026-08-03 21:00:00+00:00,2348.089148849127,2349.037400384662,2346.9269935567945,2348.1583136842028,3019
2026-08-03 22:00:00+00:00,2348.418247787524,2349.872719286096,2347.435443272618,2348.0930369132693,1301
2026-08-03 23:00:00+00:00,2348.355395127693,2349.5438644008336,2347.0437553346433,2348.10153493263,4611
2026-08-04 00:00:00+00:00,2348.0886455640434,2348.9051198458565,2347.105843277279,2347.835584061184,2324
2026-08-04 01:00:00+00:00,2348.28084487771,2349.2861132136177,2346.9843483816944,2347.767101481231,2657
2026-08-04 02:00:00+00:00,2347.7197417978637,2349.204248720946,2346.479178716018,2347.855022862916,3386
2026-08-04 03:00:00+00:00,2347.7741081720337,2348.425241874405,2347.0529990326727,2347.7723902669277,1692
2026-08-04 04:00:00+00:00,2348.271353300794,2349.344031999745,2346.054854384051,2347.658273956393,4946
2026-08-04 05:00:00+00:00,2347.1821158159764,2349.7077501616013,2344.917419405955,2347.8195250492586,700
2026-08-04 06:00:00+00:00,2348.122990480982,2349.784382925457,2347.0697308075983,2347.9643433255765,1195
2026-08-04 07:00:00+00:00,2347.8457183780656,2349.5917436974905,2347.1634884756077,2348.0196098415595,4955
2026-08-04 08:00:00+00:00,2347.730991332289,2349.34287384678,2346.9154544238954,2347.95909250918,2534
2026-08-04 09:00:00+00:00,2348.160217895012,2350.0088184144975,2346.4022633379277,2347.911996287431,4519
2026-08-04 10:00:00+00:00,2347.8848169627645,2349.3475282331165,2345.9949341183533,2347.827625638755,4575
2026-08-04 11:00:00+00:00,2348.4151100825106,2349.2567379284587,2346.9693573472546,2347.7142125738424,4956
2026-08-04 12:00:00+00:00,2347.6249237478232,2349.0131178841907,2345.4935546307984,2347.586667246614,3764
2026-08-04 13:00:00+00:00,2347.7171841329423,2348.225261399678,2346.0681502003245,2347.501739259463,3574
2026-08-04 14:00:00+00:00,2347.4999208907007,2348.187351587491,2345.3333883672735,2345.613619578447,3262
2026-08-04 15:00:00+00:00,2345.4859283253422,2347.8833607260353,2344.6394919185786,2347.2039458710233,3574
2026-08-04 16:00:00+00:00,2346.980709920789,2347.687249145229,2346.305965153747,2347.2226067591982,1656
2026-08-04 17:00:00+00:00,2346.954197226666,2348.514475688899,2345.2955309488357,2347.2533754796527,4168
2026-08-04 18:00:00+00:00,2347.819386496784,2349.2017793099785,2346.001192365479,2347.499885277738,1342
2026-08-04 19:00:00+00:00,2347.6398619228385,2348.680179443202,2346.7427959110573,2347.386175768335,2657
2026-08-04 20:00:00+00:00,2347.6378516346263,2349.250148469977,2346.042410654348,2347.440954261416,2183
2026-08-04 21:00:00+00:00,2347.2531687747332,2348.794653125756,2345.141872625494,2347.4311504918987,3926
2026-08-04 22:00:00+00:00,2347.0296169085736,2348.735915202979,2345.421303240836,2347.406121813519,1647
2026-08-04 23:00:00+00:00,2347.3075127713278,2348.579635727312,2346.740253259081,2348.0556264586176,1429
2026-08-05 00:00:00+00:00,2347.4408688536323,2348.781419264836,2346.1303456262444,2348.1608706741513,4138
2026-08-05 01:00:00+00:00,2348.0870467534032,2349.6126169423273,2346.404227474342,2348.2044256325385,2690
2026-08-05 02:00:00+00:00,2348.1405041806006,2358.694000995862,2347.188723169362,2358.1254705631477,3743
2026-08-05 03:00:00+00:00,2358.3060675048473,2358.8583856945347,2346.890211020184,2348.1176101981982,4454
2026-08-05 04:00:00+00:00,2348.2434561738373,2349.376229900668,2347.031009637909,2347.9471781599577,4258
2026-08-05 05:00:00+00:00,2348.1073062148807,2349.701785460623,2346.7815196619645,2347.8308186113254,2299
2026-08-05 06:00:00+00:00,2347.8171785445684,2348.718547190296,2346.8668440332713,2347.7489308180698,1269
2026-08-05 07:00:00+00:00,2347.7195622381682,2348.4470265379973,2346.024086706599,2347.619013735594,4820
2026-08-05 08:00:00+00:00,2347.9318038536117,2349.666403863929,2346.8686535181505,2347.6526241848837,1894
2026-08-05 09:00:00+00:00,2348.3997561458477,2350.130757899837,2346.046821868747,2347.7760624836446,3961
2026-08-05 10:00:00+00:00,2347.2500935416056,2348.9116273639984,2346.0851788101786,2347.6330889058254,3958
2026-08-05 11:00:00+00:00,2347.790480341875,2348.7893794991005,2347.255087474627,2347.676870003767,2491
2026-08-05 12:00:00+00:00,2347.7299937875455,2349.2450879807,2346.349839364503,2347.5664097485724,1235
2026-08-05 13:00:00+00:00,2347.7288330818237,2348.0957335100643,2347.0052738814497,2347.535610599166,2624
2026-08-05 14:00:00+00:00,2347.7716656730013,2349.123123955719,2346.3504616306295,2347.4769003119827,1155
2026-08-05 15:00:00+00:00,2347.2404704181818,2348.669355163732,2345.675706773523,2347.5513244807426,2084
2026-08-05 16:00:00+00:00,2347.5176930847965,2348.450616650798,2342.849164807887,2344.44535403233,2223
2026-08-05 17:00:00+00:00,2344.858837407081,2348.94963302879,2343.7549699657234,2347.6086653586012,2832
2026-08-05 18:00:00+00:00,2348.455298893759,2349.609800823704,2346.6417663007883,2347.576890365276,1338
2026-08-05 19:00:00+00:00,2347.5581291326225,2348.438482116814,2346.2304060515876,2347.4856673744216,4306
2026-08-05 20:00:00+00:00,2347.5807147202095,2349.691680379745,2345.5016346759826,2347.3906245583353,855
